# Sagittarius extruded silhouette mesh
o SagittariusMesh
v -1.04448748 1.006258 0.208771944
v -0.9574445 0.875004768 0.186731234
v -0.899397552 0.9624886 0.201611981
v -0.84140563 0.875004768 0.186731234
v -0.783358634 0.9624886 0.201611981
v -0.7253117 0.9624886 0.201611981
v -0.6963158 0.9187743 0.196763515
v -0.754362762 0.831235 0.178397223
v -0.7253117 0.787520647 0.1688684
v -0.6673198 0.875004768 0.186731234
v -0.6382688 0.831235 0.178397223
v -0.6382688 0.743751168 0.176195621
v -0.52222997 0.5687281 0.168365926
v -0.5802769 0.4812443 0.168744132
v -0.5802769 0.3937605 0.164668426
v -0.464182973 0.3062212 0.159854487
v -0.5802769 0.2187374 0.15839006
v -0.5802769 0.131253615 0.155973181
v -0.6382688 0.0437694937 0.152605608
v -0.6382688 -0.131253287 0.20504652
v -0.6963158 -0.2187374 0.209167421
v -0.6382688 -0.4812443 0.21916084
v -0.6673198 -0.5250138 0.221313015
v -0.7253117 -0.437529832 0.215831712
v -0.754362762 -0.4812443 0.21916084
v -0.754362762 -0.8312351 0.267926365
v -0.6963158 -0.9187741 0.274207473
v -0.6963158 -1.35624886 0.251713634
v -0.6092728 -1.57504129 0.224054188
v -0.52222997 -1.61875582 0.224469185
v -0.4932339 -1.83749318 0.216021419
v -0.464182973 -1.79377878 0.217522845
v -0.464182973 -1.44378793 0.227251828
v -0.37714 -1.31253445 0.251063466
v -0.2611011 -1.31253445 0.251063466
v -0.116066322 -1.44378793 0.227251828
v -0.116066322 -1.7062397 0.222020268
v -0.08701524 -1.7500093 0.219369516
v 0.0290234815 -1.48750234 0.220867172
v 0.145062536 -1.7500093 0.219369516
v 0.290152341 -1.7062397 0.222020268
v 0.203109488 -1.6625253 0.22352168
v 0.0580193624 -1.44378793 0.227251828
v 0.0580193624 -1.35624886 0.251713634
v 0.145062536 -1.31253445 0.251063466
v 0.261101246 -1.57504129 0.224054188
v 0.290152341 -1.53127182 0.223758221
v 0.232105374 -1.44378793 0.227251828
v 0.232105374 -1.35624886 0.251713634
v 0.290152341 -1.268765 0.256520569
v 0.290152341 -1.181281 0.2713581
v 0.464238018 -1.093742 0.27072078
v 0.406191051 -1.006258 0.270865083
v 0.406191051 -0.9187741 0.274207473
v 0.464238018 -0.8312351 0.267926365
v 0.464238018 -0.5687833 0.223349482
v 0.406191051 -0.4812443 0.21916084
v 0.43518728 -0.437529832 0.215831712
v 0.5802771 -0.4812443 0.21916084
v 0.5802771 -0.8312351 0.267926365
v 0.638324 -0.9187741 0.274207473
v 0.5802771 -1.006258 0.270865083
v 0.5802771 -1.093742 0.27072078
v 0.638324 -1.181281 0.2713581
v 0.5802771 -1.268765 0.256520569
v 0.5802771 -1.44378793 0.227251828
v 0.5222301 -1.53127182 0.223758221
v 0.5222301 -1.61875582 0.224469185
v 0.6963158 -1.79377878 0.217522845
v 0.5802771 -1.88126266 0.214518115
v 0.5802771 -2.05628562 0.0614574477
v 0.609272957 -2.10000014 0.0614574477
v 0.638324 -2.05628562 0.0614574477
v 0.638324 -1.96874666 0.09220726
v 0.754362762 -1.79377878 0.217522845
v 0.754362762 -1.7062397 0.222020268
v 0.6963158 -1.61875582 0.224469185
v 0.7253669 -1.48750234 0.220867172
v 0.8414059 -1.7500093 0.219369516
v 0.8993977 -1.6625253 0.22352168
v 0.957444668 -1.7500093 0.219369516
v 0.986440539 -1.7062397 0.222020268
v 0.812354863 -1.53127182 0.223758221
v 0.986440539 -1.35624886 0.251713634
v 0.957444668 -1.31253445 0.251063466
v 0.8993977 -1.40001845 0.2517858
v 0.754362762 -1.181281 0.2713581
v 0.8414059 -1.13751149 0.2713581
v 0.8993977 -1.22499549 0.268900782
v 0.9284488 -1.181281 0.2713581
v 0.812354863 -0.9187741 0.274207473
v 0.8704018 -0.8312351 0.267926365
v 0.783358634 -0.787520647 0.26498723
v 0.754362762 -1.006258 0.270865083
v 0.7253669 -1.05002761 0.269535124
v 0.6963158 -1.006258 0.270865083
v 0.6963158 -0.6562672 0.232313663
v 0.7253669 -0.612497747 0.226948187
v 0.783358634 -0.7000367 0.249710813
v 0.812354863 -0.6562672 0.232313663
v 0.754362762 -0.5687833 0.223349482
v 0.812354863 -0.4812443 0.21916084
v 0.6963158 -0.306276381 0.214903489
v 0.6963158 -0.131253287 0.20504652
v 0.783358634 0 0.196027637
v 0.8414059 0 0.196027637
v 1.04448748 0.3062212 0.159854487
v 1.0154916 0.349990666 0.161562711
v 0.6673199 -0.087483786 0.20366849
v 0.5512812 0.087483786 0.153916523
v 0.5222301 0.0437694937 0.152605608
v 0.638324 -0.131253287 0.20504652
v 0.609272957 -0.2625069 0.2114565
v 0.5512812 -0.175023109 0.207086682
v 0.493234217 -0.2625069 0.2114565
v 0.43518728 -0.087483786 0.20366849
v 0.145062536 -0.087483786 0.20366849
v 0.08707044 -0.175023109 0.207086682
v 2.76001047E-05 -0.0437694937 0.228089884
v 2.76001047E-05 0.131253615 0.155973181
v -0.0580193624 0.2187374 0.15839006
v 0.116066322 0.6562674 0.172359124
v 0.116066322 0.743751168 0.176195621
v 0.0580193624 0.831235 0.178397223
v 0.145062536 1.05002761 0.212843925
v 0.174113616 0.831235 0.178397223
v 0.261101246 0.6999817 0.175422654
v 0.290152341 0.743751168 0.176195621
v 0.232105374 0.831235 0.178397223
v 0.3191482 0.9624886 0.201611981
v 0.377195179 0.9624886 0.201611981
v 0.406191051 0.9187743 0.196763515
v 0.348144084 0.831235 0.178397223
v 0.377195179 0.787520647 0.1688684
v 0.43518728 0.787520647 0.1688684
v 0.493234217 0.6999817 0.175422654
v 0.6673199 0.6999817 0.175422654
v 0.6963158 0.743751168 0.176195621
v 0.638324 0.831235 0.178397223
v 0.638324 0.9187743 0.196763515
v 0.783358634 0.9624886 0.201611981
v 0.812354863 1.006258 0.208771944
v 0.783358634 1.05002761 0.212843925
v 0.5512812 1.05002761 0.212843925
v 0.493234217 0.9624886 0.201611981
v 0.43518728 1.05002761 0.212843925
v 0.290152341 1.09374189 0.21355094
v 0.3191482 1.13751173 0.213871568
v 0.8993977 1.13751173 0.213871568
v 0.9284488 1.181226 0.212805122
v 0.8993977 1.22499549 0.2075813
v 0.08707044 1.22499549 0.2075813
v 0.0290234815 1.13751173 0.213871568
v -0.116066322 1.268765 0.208678216
v 2.76001047E-05 1.8812629 0.1484194
v -0.145062208 2.1 0.128325656
v -0.319148064 2.1 0.128325656
v -0.464182973 1.8812629 0.1484194
v -0.464182973 1.79377878 0.156059816
v -0.406191051 1.7062397 0.164246649
v -0.464182973 1.61875594 0.165459037
v -0.464182973 1.53127182 0.166166142
v -0.37714 1.40001857 0.2097672
v -0.319148064 1.40001857 0.2097672
v -0.290152162 1.44373286 0.20572184
v -0.348144084 1.53127182 0.166166142
v -0.348144084 1.61875594 0.165459037
v -0.319148064 1.66252542 0.166420892
v -0.2611011 1.5749861 0.165509284
v -0.203109324 1.5749861 0.165509284
v -0.145062208 1.66252542 0.166420892
v -0.116066322 1.61875594 0.165459037
v -0.116066322 1.44373286 0.20572184
v -0.23210521 1.35624874 0.2116041
v -0.174058244 1.268765 0.208678216
v -0.2611011 1.13751173 0.213871568
v -0.319148064 1.31247926 0.212266892
v -0.37714 1.31247926 0.212266892
v -0.435186952 1.22499549 0.2075813
v -1.01543641 1.22499549 0.2075813
v -1.04448748 1.181226 0.212805122
v -1.04448748 1.006258 -0.208771944
v -0.9574445 0.875004768 -0.186731234
v -0.899397552 0.9624886 -0.201611981
v -0.84140563 0.875004768 -0.186731234
v -0.783358634 0.9624886 -0.201611981
v -0.7253117 0.9624886 -0.201611981
v -0.6963158 0.9187743 -0.196763515
v -0.754362762 0.831235 -0.178397223
v -0.7253117 0.787520647 -0.1688684
v -0.6673198 0.875004768 -0.186731234
v -0.6382688 0.831235 -0.178397223
v -0.6382688 0.743751168 -0.176195621
v -0.52222997 0.5687281 -0.168365926
v -0.5802769 0.4812443 -0.168744132
v -0.5802769 0.3937605 -0.164668426
v -0.464182973 0.3062212 -0.159854487
v -0.5802769 0.2187374 -0.15839006
v -0.5802769 0.131253615 -0.155973181
v -0.6382688 0.0437694937 -0.152605608
v -0.6382688 -0.131253287 -0.20504652
v -0.6963158 -0.2187374 -0.209167421
v -0.6382688 -0.4812443 -0.21916084
v -0.6673198 -0.5250138 -0.221313015
v -0.7253117 -0.437529832 -0.215831712
v -0.754362762 -0.4812443 -0.21916084
v -0.754362762 -0.8312351 -0.267926365
v -0.6963158 -0.9187741 -0.274207473
v -0.6963158 -1.35624886 -0.251713634
v -0.6092728 -1.57504129 -0.224054188
v -0.52222997 -1.61875582 -0.224469185
v -0.4932339 -1.83749318 -0.216021419
v -0.464182973 -1.79377878 -0.217522845
v -0.464182973 -1.44378793 -0.227251828
v -0.37714 -1.31253445 -0.251063466
v -0.2611011 -1.31253445 -0.251063466
v -0.116066322 -1.44378793 -0.227251828
v -0.116066322 -1.7062397 -0.222020268
v -0.08701524 -1.7500093 -0.219369516
v 0.0290234815 -1.48750234 -0.220867172
v 0.145062536 -1.7500093 -0.219369516
v 0.290152341 -1.7062397 -0.222020268
v 0.203109488 -1.6625253 -0.22352168
v 0.0580193624 -1.44378793 -0.227251828
v 0.0580193624 -1.35624886 -0.251713634
v 0.145062536 -1.31253445 -0.251063466
v 0.261101246 -1.57504129 -0.224054188
v 0.290152341 -1.53127182 -0.223758221
v 0.232105374 -1.44378793 -0.227251828
v 0.232105374 -1.35624886 -0.251713634
v 0.290152341 -1.268765 -0.256520569
v 0.290152341 -1.181281 -0.2713581
v 0.464238018 -1.093742 -0.27072078
v 0.406191051 -1.006258 -0.270865083
v 0.406191051 -0.9187741 -0.274207473
v 0.464238018 -0.8312351 -0.267926365
v 0.464238018 -0.5687833 -0.223349482
v 0.406191051 -0.4812443 -0.21916084
v 0.43518728 -0.437529832 -0.215831712
v 0.5802771 -0.4812443 -0.21916084
v 0.5802771 -0.8312351 -0.267926365
v 0.638324 -0.9187741 -0.274207473
v 0.5802771 -1.006258 -0.270865083
v 0.5802771 -1.093742 -0.27072078
v 0.638324 -1.181281 -0.2713581
v 0.5802771 -1.268765 -0.256520569
v 0.5802771 -1.44378793 -0.227251828
v 0.5222301 -1.53127182 -0.223758221
v 0.5222301 -1.61875582 -0.224469185
v 0.6963158 -1.79377878 -0.217522845
v 0.5802771 -1.88126266 -0.214518115
v 0.5802771 -2.05628562 -0.0614574477
v 0.609272957 -2.10000014 -0.0614574477
v 0.638324 -2.05628562 -0.0614574477
v 0.638324 -1.96874666 -0.09220726
v 0.754362762 -1.79377878 -0.217522845
v 0.754362762 -1.7062397 -0.222020268
v 0.6963158 -1.61875582 -0.224469185
v 0.7253669 -1.48750234 -0.220867172
v 0.8414059 -1.7500093 -0.219369516
v 0.8993977 -1.6625253 -0.22352168
v 0.957444668 -1.7500093 -0.219369516
v 0.986440539 -1.7062397 -0.222020268
v 0.812354863 -1.53127182 -0.223758221
v 0.986440539 -1.35624886 -0.251713634
v 0.957444668 -1.31253445 -0.251063466
v 0.8993977 -1.40001845 -0.2517858
v 0.754362762 -1.181281 -0.2713581
v 0.8414059 -1.13751149 -0.2713581
v 0.8993977 -1.22499549 -0.268900782
v 0.9284488 -1.181281 -0.2713581
v 0.812354863 -0.9187741 -0.274207473
v 0.8704018 -0.8312351 -0.267926365
v 0.783358634 -0.787520647 -0.26498723
v 0.754362762 -1.006258 -0.270865083
v 0.7253669 -1.05002761 -0.269535124
v 0.6963158 -1.006258 -0.270865083
v 0.6963158 -0.6562672 -0.232313663
v 0.7253669 -0.612497747 -0.226948187
v 0.783358634 -0.7000367 -0.249710813
v 0.812354863 -0.6562672 -0.232313663
v 0.754362762 -0.5687833 -0.223349482
v 0.812354863 -0.4812443 -0.21916084
v 0.6963158 -0.306276381 -0.214903489
v 0.6963158 -0.131253287 -0.20504652
v 0.783358634 0 -0.196027637
v 0.8414059 0 -0.196027637
v 1.04448748 0.3062212 -0.159854487
v 1.0154916 0.349990666 -0.161562711
v 0.6673199 -0.087483786 -0.20366849
v 0.5512812 0.087483786 -0.153916523
v 0.5222301 0.0437694937 -0.152605608
v 0.638324 -0.131253287 -0.20504652
v 0.609272957 -0.2625069 -0.2114565
v 0.5512812 -0.175023109 -0.207086682
v 0.493234217 -0.2625069 -0.2114565
v 0.43518728 -0.087483786 -0.20366849
v 0.145062536 -0.087483786 -0.20366849
v 0.08707044 -0.175023109 -0.207086682
v 2.76001047E-05 -0.0437694937 -0.228089884
v 2.76001047E-05 0.131253615 -0.155973181
v -0.0580193624 0.2187374 -0.15839006
v 0.116066322 0.6562674 -0.172359124
v 0.116066322 0.743751168 -0.176195621
v 0.0580193624 0.831235 -0.178397223
v 0.145062536 1.05002761 -0.212843925
v 0.174113616 0.831235 -0.178397223
v 0.261101246 0.6999817 -0.175422654
v 0.290152341 0.743751168 -0.176195621
v 0.232105374 0.831235 -0.178397223
v 0.3191482 0.9624886 -0.201611981
v 0.377195179 0.9624886 -0.201611981
v 0.406191051 0.9187743 -0.196763515
v 0.348144084 0.831235 -0.178397223
v 0.377195179 0.787520647 -0.1688684
v 0.43518728 0.787520647 -0.1688684
v 0.493234217 0.6999817 -0.175422654
v 0.6673199 0.6999817 -0.175422654
v 0.6963158 0.743751168 -0.176195621
v 0.638324 0.831235 -0.178397223
v 0.638324 0.9187743 -0.196763515
v 0.783358634 0.9624886 -0.201611981
v 0.812354863 1.006258 -0.208771944
v 0.783358634 1.05002761 -0.212843925
v 0.5512812 1.05002761 -0.212843925
v 0.493234217 0.9624886 -0.201611981
v 0.43518728 1.05002761 -0.212843925
v 0.290152341 1.09374189 -0.21355094
v 0.3191482 1.13751173 -0.213871568
v 0.8993977 1.13751173 -0.213871568
v 0.9284488 1.181226 -0.212805122
v 0.8993977 1.22499549 -0.2075813
v 0.08707044 1.22499549 -0.2075813
v 0.0290234815 1.13751173 -0.213871568
v -0.116066322 1.268765 -0.208678216
v 2.76001047E-05 1.8812629 -0.1484194
v -0.145062208 2.1 -0.128325656
v -0.319148064 2.1 -0.128325656
v -0.464182973 1.8812629 -0.1484194
v -0.464182973 1.79377878 -0.156059816
v -0.406191051 1.7062397 -0.164246649
v -0.464182973 1.61875594 -0.165459037
v -0.464182973 1.53127182 -0.166166142
v -0.37714 1.40001857 -0.2097672
v -0.319148064 1.40001857 -0.2097672
v -0.290152162 1.44373286 -0.20572184
v -0.348144084 1.53127182 -0.166166142
v -0.348144084 1.61875594 -0.165459037
v -0.319148064 1.66252542 -0.166420892
v -0.2611011 1.5749861 -0.165509284
v -0.203109324 1.5749861 -0.165509284
v -0.145062208 1.66252542 -0.166420892
v -0.116066322 1.61875594 -0.165459037
v -0.116066322 1.44373286 -0.20572184
v -0.23210521 1.35624874 -0.2116041
v -0.174058244 1.268765 -0.208678216
v -0.2611011 1.13751173 -0.213871568
v -0.319148064 1.31247926 -0.212266892
v -0.37714 1.31247926 -0.212266892
v -0.435186952 1.22499549 -0.2075813
v -1.01543641 1.22499549 -0.2075813
v -1.04448748 1.181226 -0.212805122
v -1.04448748 1.006258 0.208771944
v -0.9574445 0.875004768 0.186731234
v -0.9574445 0.875004768 -0.186731234
v -1.04448748 1.006258 -0.208771944
v -0.9574445 0.875004768 0.186731234
v -0.899397552 0.9624886 0.201611981
v -0.899397552 0.9624886 -0.201611981
v -0.9574445 0.875004768 -0.186731234
v -0.899397552 0.9624886 0.201611981
v -0.84140563 0.875004768 0.186731234
v -0.84140563 0.875004768 -0.186731234
v -0.899397552 0.9624886 -0.201611981
v -0.84140563 0.875004768 0.186731234
v -0.783358634 0.9624886 0.201611981
v -0.783358634 0.9624886 -0.201611981
v -0.84140563 0.875004768 -0.186731234
v -0.783358634 0.9624886 0.201611981
v -0.7253117 0.9624886 0.201611981
v -0.7253117 0.9624886 -0.201611981
v -0.783358634 0.9624886 -0.201611981
v -0.7253117 0.9624886 0.201611981
v -0.6963158 0.9187743 0.196763515
v -0.6963158 0.9187743 -0.196763515
v -0.7253117 0.9624886 -0.201611981
v -0.6963158 0.9187743 0.196763515
v -0.754362762 0.831235 0.178397223
v -0.754362762 0.831235 -0.178397223
v -0.6963158 0.9187743 -0.196763515
v -0.754362762 0.831235 0.178397223
v -0.7253117 0.787520647 0.1688684
v -0.7253117 0.787520647 -0.1688684
v -0.754362762 0.831235 -0.178397223
v -0.7253117 0.787520647 0.1688684
v -0.6673198 0.875004768 0.186731234
v -0.6673198 0.875004768 -0.186731234
v -0.7253117 0.787520647 -0.1688684
v -0.6673198 0.875004768 0.186731234
v -0.6382688 0.831235 0.178397223
v -0.6382688 0.831235 -0.178397223
v -0.6673198 0.875004768 -0.186731234
v -0.6382688 0.831235 0.178397223
v -0.6382688 0.743751168 0.176195621
v -0.6382688 0.743751168 -0.176195621
v -0.6382688 0.831235 -0.178397223
v -0.6382688 0.743751168 0.176195621
v -0.52222997 0.5687281 0.168365926
v -0.52222997 0.5687281 -0.168365926
v -0.6382688 0.743751168 -0.176195621
v -0.52222997 0.5687281 0.168365926
v -0.5802769 0.4812443 0.168744132
v -0.5802769 0.4812443 -0.168744132
v -0.52222997 0.5687281 -0.168365926
v -0.5802769 0.4812443 0.168744132
v -0.5802769 0.3937605 0.164668426
v -0.5802769 0.3937605 -0.164668426
v -0.5802769 0.4812443 -0.168744132
v -0.5802769 0.3937605 0.164668426
v -0.464182973 0.3062212 0.159854487
v -0.464182973 0.3062212 -0.159854487
v -0.5802769 0.3937605 -0.164668426
v -0.464182973 0.3062212 0.159854487
v -0.5802769 0.2187374 0.15839006
v -0.5802769 0.2187374 -0.15839006
v -0.464182973 0.3062212 -0.159854487
v -0.5802769 0.2187374 0.15839006
v -0.5802769 0.131253615 0.155973181
v -0.5802769 0.131253615 -0.155973181
v -0.5802769 0.2187374 -0.15839006
v -0.5802769 0.131253615 0.155973181
v -0.6382688 0.0437694937 0.152605608
v -0.6382688 0.0437694937 -0.152605608
v -0.5802769 0.131253615 -0.155973181
v -0.6382688 0.0437694937 0.152605608
v -0.6382688 -0.131253287 0.20504652
v -0.6382688 -0.131253287 -0.20504652
v -0.6382688 0.0437694937 -0.152605608
v -0.6382688 -0.131253287 0.20504652
v -0.6963158 -0.2187374 0.209167421
v -0.6963158 -0.2187374 -0.209167421
v -0.6382688 -0.131253287 -0.20504652
v -0.6963158 -0.2187374 0.209167421
v -0.6382688 -0.4812443 0.21916084
v -0.6382688 -0.4812443 -0.21916084
v -0.6963158 -0.2187374 -0.209167421
v -0.6382688 -0.4812443 0.21916084
v -0.6673198 -0.5250138 0.221313015
v -0.6673198 -0.5250138 -0.221313015
v -0.6382688 -0.4812443 -0.21916084
v -0.6673198 -0.5250138 0.221313015
v -0.7253117 -0.437529832 0.215831712
v -0.7253117 -0.437529832 -0.215831712
v -0.6673198 -0.5250138 -0.221313015
v -0.7253117 -0.437529832 0.215831712
v -0.754362762 -0.4812443 0.21916084
v -0.754362762 -0.4812443 -0.21916084
v -0.7253117 -0.437529832 -0.215831712
v -0.754362762 -0.4812443 0.21916084
v -0.754362762 -0.8312351 0.267926365
v -0.754362762 -0.8312351 -0.267926365
v -0.754362762 -0.4812443 -0.21916084
v -0.754362762 -0.8312351 0.267926365
v -0.6963158 -0.9187741 0.274207473
v -0.6963158 -0.9187741 -0.274207473
v -0.754362762 -0.8312351 -0.267926365
v -0.6963158 -0.9187741 0.274207473
v -0.6963158 -1.35624886 0.251713634
v -0.6963158 -1.35624886 -0.251713634
v -0.6963158 -0.9187741 -0.274207473
v -0.6963158 -1.35624886 0.251713634
v -0.6092728 -1.57504129 0.224054188
v -0.6092728 -1.57504129 -0.224054188
v -0.6963158 -1.35624886 -0.251713634
v -0.6092728 -1.57504129 0.224054188
v -0.52222997 -1.61875582 0.224469185
v -0.52222997 -1.61875582 -0.224469185
v -0.6092728 -1.57504129 -0.224054188
v -0.52222997 -1.61875582 0.224469185
v -0.4932339 -1.83749318 0.216021419
v -0.4932339 -1.83749318 -0.216021419
v -0.52222997 -1.61875582 -0.224469185
v -0.4932339 -1.83749318 0.216021419
v -0.464182973 -1.79377878 0.217522845
v -0.464182973 -1.79377878 -0.217522845
v -0.4932339 -1.83749318 -0.216021419
v -0.464182973 -1.79377878 0.217522845
v -0.464182973 -1.44378793 0.227251828
v -0.464182973 -1.44378793 -0.227251828
v -0.464182973 -1.79377878 -0.217522845
v -0.464182973 -1.44378793 0.227251828
v -0.37714 -1.31253445 0.251063466
v -0.37714 -1.31253445 -0.251063466
v -0.464182973 -1.44378793 -0.227251828
v -0.37714 -1.31253445 0.251063466
v -0.2611011 -1.31253445 0.251063466
v -0.2611011 -1.31253445 -0.251063466
v -0.37714 -1.31253445 -0.251063466
v -0.2611011 -1.31253445 0.251063466
v -0.116066322 -1.44378793 0.227251828
v -0.116066322 -1.44378793 -0.227251828
v -0.2611011 -1.31253445 -0.251063466
v -0.116066322 -1.44378793 0.227251828
v -0.116066322 -1.7062397 0.222020268
v -0.116066322 -1.7062397 -0.222020268
v -0.116066322 -1.44378793 -0.227251828
v -0.116066322 -1.7062397 0.222020268
v -0.08701524 -1.7500093 0.219369516
v -0.08701524 -1.7500093 -0.219369516
v -0.116066322 -1.7062397 -0.222020268
v -0.08701524 -1.7500093 0.219369516
v 0.0290234815 -1.48750234 0.220867172
v 0.0290234815 -1.48750234 -0.220867172
v -0.08701524 -1.7500093 -0.219369516
v 0.0290234815 -1.48750234 0.220867172
v 0.145062536 -1.7500093 0.219369516
v 0.145062536 -1.7500093 -0.219369516
v 0.0290234815 -1.48750234 -0.220867172
v 0.145062536 -1.7500093 0.219369516
v 0.290152341 -1.7062397 0.222020268
v 0.290152341 -1.7062397 -0.222020268
v 0.145062536 -1.7500093 -0.219369516
v 0.290152341 -1.7062397 0.222020268
v 0.203109488 -1.6625253 0.22352168
v 0.203109488 -1.6625253 -0.22352168
v 0.290152341 -1.7062397 -0.222020268
v 0.203109488 -1.6625253 0.22352168
v 0.0580193624 -1.44378793 0.227251828
v 0.0580193624 -1.44378793 -0.227251828
v 0.203109488 -1.6625253 -0.22352168
v 0.0580193624 -1.44378793 0.227251828
v 0.0580193624 -1.35624886 0.251713634
v 0.0580193624 -1.35624886 -0.251713634
v 0.0580193624 -1.44378793 -0.227251828
v 0.0580193624 -1.35624886 0.251713634
v 0.145062536 -1.31253445 0.251063466
v 0.145062536 -1.31253445 -0.251063466
v 0.0580193624 -1.35624886 -0.251713634
v 0.145062536 -1.31253445 0.251063466
v 0.261101246 -1.57504129 0.224054188
v 0.261101246 -1.57504129 -0.224054188
v 0.145062536 -1.31253445 -0.251063466
v 0.261101246 -1.57504129 0.224054188
v 0.290152341 -1.53127182 0.223758221
v 0.290152341 -1.53127182 -0.223758221
v 0.261101246 -1.57504129 -0.224054188
v 0.290152341 -1.53127182 0.223758221
v 0.232105374 -1.44378793 0.227251828
v 0.232105374 -1.44378793 -0.227251828
v 0.290152341 -1.53127182 -0.223758221
v 0.232105374 -1.44378793 0.227251828
v 0.232105374 -1.35624886 0.251713634
v 0.232105374 -1.35624886 -0.251713634
v 0.232105374 -1.44378793 -0.227251828
v 0.232105374 -1.35624886 0.251713634
v 0.290152341 -1.268765 0.256520569
v 0.290152341 -1.268765 -0.256520569
v 0.232105374 -1.35624886 -0.251713634
v 0.290152341 -1.268765 0.256520569
v 0.290152341 -1.181281 0.2713581
v 0.290152341 -1.181281 -0.2713581
v 0.290152341 -1.268765 -0.256520569
v 0.290152341 -1.181281 0.2713581
v 0.464238018 -1.093742 0.27072078
v 0.464238018 -1.093742 -0.27072078
v 0.290152341 -1.181281 -0.2713581
v 0.464238018 -1.093742 0.27072078
v 0.406191051 -1.006258 0.270865083
v 0.406191051 -1.006258 -0.270865083
v 0.464238018 -1.093742 -0.27072078
v 0.406191051 -1.006258 0.270865083
v 0.406191051 -0.9187741 0.274207473
v 0.406191051 -0.9187741 -0.274207473
v 0.406191051 -1.006258 -0.270865083
v 0.406191051 -0.9187741 0.274207473
v 0.464238018 -0.8312351 0.267926365
v 0.464238018 -0.8312351 -0.267926365
v 0.406191051 -0.9187741 -0.274207473
v 0.464238018 -0.8312351 0.267926365
v 0.464238018 -0.5687833 0.223349482
v 0.464238018 -0.5687833 -0.223349482
v 0.464238018 -0.8312351 -0.267926365
v 0.464238018 -0.5687833 0.223349482
v 0.406191051 -0.4812443 0.21916084
v 0.406191051 -0.4812443 -0.21916084
v 0.464238018 -0.5687833 -0.223349482
v 0.406191051 -0.4812443 0.21916084
v 0.43518728 -0.437529832 0.215831712
v 0.43518728 -0.437529832 -0.215831712
v 0.406191051 -0.4812443 -0.21916084
v 0.43518728 -0.437529832 0.215831712
v 0.5802771 -0.4812443 0.21916084
v 0.5802771 -0.4812443 -0.21916084
v 0.43518728 -0.437529832 -0.215831712
v 0.5802771 -0.4812443 0.21916084
v 0.5802771 -0.8312351 0.267926365
v 0.5802771 -0.8312351 -0.267926365
v 0.5802771 -0.4812443 -0.21916084
v 0.5802771 -0.8312351 0.267926365
v 0.638324 -0.9187741 0.274207473
v 0.638324 -0.9187741 -0.274207473
v 0.5802771 -0.8312351 -0.267926365
v 0.638324 -0.9187741 0.274207473
v 0.5802771 -1.006258 0.270865083
v 0.5802771 -1.006258 -0.270865083
v 0.638324 -0.9187741 -0.274207473
v 0.5802771 -1.006258 0.270865083
v 0.5802771 -1.093742 0.27072078
v 0.5802771 -1.093742 -0.27072078
v 0.5802771 -1.006258 -0.270865083
v 0.5802771 -1.093742 0.27072078
v 0.638324 -1.181281 0.2713581
v 0.638324 -1.181281 -0.2713581
v 0.5802771 -1.093742 -0.27072078
v 0.638324 -1.181281 0.2713581
v 0.5802771 -1.268765 0.256520569
v 0.5802771 -1.268765 -0.256520569
v 0.638324 -1.181281 -0.2713581
v 0.5802771 -1.268765 0.256520569
v 0.5802771 -1.44378793 0.227251828
v 0.5802771 -1.44378793 -0.227251828
v 0.5802771 -1.268765 -0.256520569
v 0.5802771 -1.44378793 0.227251828
v 0.5222301 -1.53127182 0.223758221
v 0.5222301 -1.53127182 -0.223758221
v 0.5802771 -1.44378793 -0.227251828
v 0.5222301 -1.53127182 0.223758221
v 0.5222301 -1.61875582 0.224469185
v 0.5222301 -1.61875582 -0.224469185
v 0.5222301 -1.53127182 -0.223758221
v 0.5222301 -1.61875582 0.224469185
v 0.6963158 -1.79377878 0.217522845
v 0.6963158 -1.79377878 -0.217522845
v 0.5222301 -1.61875582 -0.224469185
v 0.6963158 -1.79377878 0.217522845
v 0.5802771 -1.88126266 0.214518115
v 0.5802771 -1.88126266 -0.214518115
v 0.6963158 -1.79377878 -0.217522845
v 0.5802771 -1.88126266 0.214518115
v 0.5802771 -2.05628562 0.0614574477
v 0.5802771 -2.05628562 -0.0614574477
v 0.5802771 -1.88126266 -0.214518115
v 0.5802771 -2.05628562 0.0614574477
v 0.609272957 -2.10000014 0.0614574477
v 0.609272957 -2.10000014 -0.0614574477
v 0.5802771 -2.05628562 -0.0614574477
v 0.609272957 -2.10000014 0.0614574477
v 0.638324 -2.05628562 0.0614574477
v 0.638324 -2.05628562 -0.0614574477
v 0.609272957 -2.10000014 -0.0614574477
v 0.638324 -2.05628562 0.0614574477
v 0.638324 -1.96874666 0.09220726
v 0.638324 -1.96874666 -0.09220726
v 0.638324 -2.05628562 -0.0614574477
v 0.638324 -1.96874666 0.09220726
v 0.754362762 -1.79377878 0.217522845
v 0.754362762 -1.79377878 -0.217522845
v 0.638324 -1.96874666 -0.09220726
v 0.754362762 -1.79377878 0.217522845
v 0.754362762 -1.7062397 0.222020268
v 0.754362762 -1.7062397 -0.222020268
v 0.754362762 -1.79377878 -0.217522845
v 0.754362762 -1.7062397 0.222020268
v 0.6963158 -1.61875582 0.224469185
v 0.6963158 -1.61875582 -0.224469185
v 0.754362762 -1.7062397 -0.222020268
v 0.6963158 -1.61875582 0.224469185
v 0.7253669 -1.48750234 0.220867172
v 0.7253669 -1.48750234 -0.220867172
v 0.6963158 -1.61875582 -0.224469185
v 0.7253669 -1.48750234 0.220867172
v 0.8414059 -1.7500093 0.219369516
v 0.8414059 -1.7500093 -0.219369516
v 0.7253669 -1.48750234 -0.220867172
v 0.8414059 -1.7500093 0.219369516
v 0.8993977 -1.6625253 0.22352168
v 0.8993977 -1.6625253 -0.22352168
v 0.8414059 -1.7500093 -0.219369516
v 0.8993977 -1.6625253 0.22352168
v 0.957444668 -1.7500093 0.219369516
v 0.957444668 -1.7500093 -0.219369516
v 0.8993977 -1.6625253 -0.22352168
v 0.957444668 -1.7500093 0.219369516
v 0.986440539 -1.7062397 0.222020268
v 0.986440539 -1.7062397 -0.222020268
v 0.957444668 -1.7500093 -0.219369516
v 0.986440539 -1.7062397 0.222020268
v 0.812354863 -1.53127182 0.223758221
v 0.812354863 -1.53127182 -0.223758221
v 0.986440539 -1.7062397 -0.222020268
v 0.812354863 -1.53127182 0.223758221
v 0.986440539 -1.35624886 0.251713634
v 0.986440539 -1.35624886 -0.251713634
v 0.812354863 -1.53127182 -0.223758221
v 0.986440539 -1.35624886 0.251713634
v 0.957444668 -1.31253445 0.251063466
v 0.957444668 -1.31253445 -0.251063466
v 0.986440539 -1.35624886 -0.251713634
v 0.957444668 -1.31253445 0.251063466
v 0.8993977 -1.40001845 0.2517858
v 0.8993977 -1.40001845 -0.2517858
v 0.957444668 -1.31253445 -0.251063466
v 0.8993977 -1.40001845 0.2517858
v 0.754362762 -1.181281 0.2713581
v 0.754362762 -1.181281 -0.2713581
v 0.8993977 -1.40001845 -0.2517858
v 0.754362762 -1.181281 0.2713581
v 0.8414059 -1.13751149 0.2713581
v 0.8414059 -1.13751149 -0.2713581
v 0.754362762 -1.181281 -0.2713581
v 0.8414059 -1.13751149 0.2713581
v 0.8993977 -1.22499549 0.268900782
v 0.8993977 -1.22499549 -0.268900782
v 0.8414059 -1.13751149 -0.2713581
v 0.8993977 -1.22499549 0.268900782
v 0.9284488 -1.181281 0.2713581
v 0.9284488 -1.181281 -0.2713581
v 0.8993977 -1.22499549 -0.268900782
v 0.9284488 -1.181281 0.2713581
v 0.812354863 -0.9187741 0.274207473
v 0.812354863 -0.9187741 -0.274207473
v 0.9284488 -1.181281 -0.2713581
v 0.812354863 -0.9187741 0.274207473
v 0.8704018 -0.8312351 0.267926365
v 0.8704018 -0.8312351 -0.267926365
v 0.812354863 -0.9187741 -0.274207473
v 0.8704018 -0.8312351 0.267926365
v 0.783358634 -0.787520647 0.26498723
v 0.783358634 -0.787520647 -0.26498723
v 0.8704018 -0.8312351 -0.267926365
v 0.783358634 -0.787520647 0.26498723
v 0.754362762 -1.006258 0.270865083
v 0.754362762 -1.006258 -0.270865083
v 0.783358634 -0.787520647 -0.26498723
v 0.754362762 -1.006258 0.270865083
v 0.7253669 -1.05002761 0.269535124
v 0.7253669 -1.05002761 -0.269535124
v 0.754362762 -1.006258 -0.270865083
v 0.7253669 -1.05002761 0.269535124
v 0.6963158 -1.006258 0.270865083
v 0.6963158 -1.006258 -0.270865083
v 0.7253669 -1.05002761 -0.269535124
v 0.6963158 -1.006258 0.270865083
v 0.6963158 -0.6562672 0.232313663
v 0.6963158 -0.6562672 -0.232313663
v 0.6963158 -1.006258 -0.270865083
v 0.6963158 -0.6562672 0.232313663
v 0.7253669 -0.612497747 0.226948187
v 0.7253669 -0.612497747 -0.226948187
v 0.6963158 -0.6562672 -0.232313663
v 0.7253669 -0.612497747 0.226948187
v 0.783358634 -0.7000367 0.249710813
v 0.783358634 -0.7000367 -0.249710813
v 0.7253669 -0.612497747 -0.226948187
v 0.783358634 -0.7000367 0.249710813
v 0.812354863 -0.6562672 0.232313663
v 0.812354863 -0.6562672 -0.232313663
v 0.783358634 -0.7000367 -0.249710813
v 0.812354863 -0.6562672 0.232313663
v 0.754362762 -0.5687833 0.223349482
v 0.754362762 -0.5687833 -0.223349482
v 0.812354863 -0.6562672 -0.232313663
v 0.754362762 -0.5687833 0.223349482
v 0.812354863 -0.4812443 0.21916084
v 0.812354863 -0.4812443 -0.21916084
v 0.754362762 -0.5687833 -0.223349482
v 0.812354863 -0.4812443 0.21916084
v 0.6963158 -0.306276381 0.214903489
v 0.6963158 -0.306276381 -0.214903489
v 0.812354863 -0.4812443 -0.21916084
v 0.6963158 -0.306276381 0.214903489
v 0.6963158 -0.131253287 0.20504652
v 0.6963158 -0.131253287 -0.20504652
v 0.6963158 -0.306276381 -0.214903489
v 0.6963158 -0.131253287 0.20504652
v 0.783358634 0 0.196027637
v 0.783358634 0 -0.196027637
v 0.6963158 -0.131253287 -0.20504652
v 0.783358634 0 0.196027637
v 0.8414059 0 0.196027637
v 0.8414059 0 -0.196027637
v 0.783358634 0 -0.196027637
v 0.8414059 0 0.196027637
v 1.04448748 0.3062212 0.159854487
v 1.04448748 0.3062212 -0.159854487
v 0.8414059 0 -0.196027637
v 1.04448748 0.3062212 0.159854487
v 1.0154916 0.349990666 0.161562711
v 1.0154916 0.349990666 -0.161562711
v 1.04448748 0.3062212 -0.159854487
v 1.0154916 0.349990666 0.161562711
v 0.6673199 -0.087483786 0.20366849
v 0.6673199 -0.087483786 -0.20366849
v 1.0154916 0.349990666 -0.161562711
v 0.6673199 -0.087483786 0.20366849
v 0.5512812 0.087483786 0.153916523
v 0.5512812 0.087483786 -0.153916523
v 0.6673199 -0.087483786 -0.20366849
v 0.5512812 0.087483786 0.153916523
v 0.5222301 0.0437694937 0.152605608
v 0.5222301 0.0437694937 -0.152605608
v 0.5512812 0.087483786 -0.153916523
v 0.5222301 0.0437694937 0.152605608
v 0.638324 -0.131253287 0.20504652
v 0.638324 -0.131253287 -0.20504652
v 0.5222301 0.0437694937 -0.152605608
v 0.638324 -0.131253287 0.20504652
v 0.609272957 -0.2625069 0.2114565
v 0.609272957 -0.2625069 -0.2114565
v 0.638324 -0.131253287 -0.20504652
v 0.609272957 -0.2625069 0.2114565
v 0.5512812 -0.175023109 0.207086682
v 0.5512812 -0.175023109 -0.207086682
v 0.609272957 -0.2625069 -0.2114565
v 0.5512812 -0.175023109 0.207086682
v 0.493234217 -0.2625069 0.2114565
v 0.493234217 -0.2625069 -0.2114565
v 0.5512812 -0.175023109 -0.207086682
v 0.493234217 -0.2625069 0.2114565
v 0.43518728 -0.087483786 0.20366849
v 0.43518728 -0.087483786 -0.20366849
v 0.493234217 -0.2625069 -0.2114565
v 0.43518728 -0.087483786 0.20366849
v 0.145062536 -0.087483786 0.20366849
v 0.145062536 -0.087483786 -0.20366849
v 0.43518728 -0.087483786 -0.20366849
v 0.145062536 -0.087483786 0.20366849
v 0.08707044 -0.175023109 0.207086682
v 0.08707044 -0.175023109 -0.207086682
v 0.145062536 -0.087483786 -0.20366849
v 0.08707044 -0.175023109 0.207086682
v 2.76001047E-05 -0.0437694937 0.228089884
v 2.76001047E-05 -0.0437694937 -0.228089884
v 0.08707044 -0.175023109 -0.207086682
v 2.76001047E-05 -0.0437694937 0.228089884
v 2.76001047E-05 0.131253615 0.155973181
v 2.76001047E-05 0.131253615 -0.155973181
v 2.76001047E-05 -0.0437694937 -0.228089884
v 2.76001047E-05 0.131253615 0.155973181
v -0.0580193624 0.2187374 0.15839006
v -0.0580193624 0.2187374 -0.15839006
v 2.76001047E-05 0.131253615 -0.155973181
v -0.0580193624 0.2187374 0.15839006
v 0.116066322 0.6562674 0.172359124
v 0.116066322 0.6562674 -0.172359124
v -0.0580193624 0.2187374 -0.15839006
v 0.116066322 0.6562674 0.172359124
v 0.116066322 0.743751168 0.176195621
v 0.116066322 0.743751168 -0.176195621
v 0.116066322 0.6562674 -0.172359124
v 0.116066322 0.743751168 0.176195621
v 0.0580193624 0.831235 0.178397223
v 0.0580193624 0.831235 -0.178397223
v 0.116066322 0.743751168 -0.176195621
v 0.0580193624 0.831235 0.178397223
v 0.145062536 1.05002761 0.212843925
v 0.145062536 1.05002761 -0.212843925
v 0.0580193624 0.831235 -0.178397223
v 0.145062536 1.05002761 0.212843925
v 0.174113616 0.831235 0.178397223
v 0.174113616 0.831235 -0.178397223
v 0.145062536 1.05002761 -0.212843925
v 0.174113616 0.831235 0.178397223
v 0.261101246 0.6999817 0.175422654
v 0.261101246 0.6999817 -0.175422654
v 0.174113616 0.831235 -0.178397223
v 0.261101246 0.6999817 0.175422654
v 0.290152341 0.743751168 0.176195621
v 0.290152341 0.743751168 -0.176195621
v 0.261101246 0.6999817 -0.175422654
v 0.290152341 0.743751168 0.176195621
v 0.232105374 0.831235 0.178397223
v 0.232105374 0.831235 -0.178397223
v 0.290152341 0.743751168 -0.176195621
v 0.232105374 0.831235 0.178397223
v 0.3191482 0.9624886 0.201611981
v 0.3191482 0.9624886 -0.201611981
v 0.232105374 0.831235 -0.178397223
v 0.3191482 0.9624886 0.201611981
v 0.377195179 0.9624886 0.201611981
v 0.377195179 0.9624886 -0.201611981
v 0.3191482 0.9624886 -0.201611981
v 0.377195179 0.9624886 0.201611981
v 0.406191051 0.9187743 0.196763515
v 0.406191051 0.9187743 -0.196763515
v 0.377195179 0.9624886 -0.201611981
v 0.406191051 0.9187743 0.196763515
v 0.348144084 0.831235 0.178397223
v 0.348144084 0.831235 -0.178397223
v 0.406191051 0.9187743 -0.196763515
v 0.348144084 0.831235 0.178397223
v 0.377195179 0.787520647 0.1688684
v 0.377195179 0.787520647 -0.1688684
v 0.348144084 0.831235 -0.178397223
v 0.377195179 0.787520647 0.1688684
v 0.43518728 0.787520647 0.1688684
v 0.43518728 0.787520647 -0.1688684
v 0.377195179 0.787520647 -0.1688684
v 0.43518728 0.787520647 0.1688684
v 0.493234217 0.6999817 0.175422654
v 0.493234217 0.6999817 -0.175422654
v 0.43518728 0.787520647 -0.1688684
v 0.493234217 0.6999817 0.175422654
v 0.6673199 0.6999817 0.175422654
v 0.6673199 0.6999817 -0.175422654
v 0.493234217 0.6999817 -0.175422654
v 0.6673199 0.6999817 0.175422654
v 0.6963158 0.743751168 0.176195621
v 0.6963158 0.743751168 -0.176195621
v 0.6673199 0.6999817 -0.175422654
v 0.6963158 0.743751168 0.176195621
v 0.638324 0.831235 0.178397223
v 0.638324 0.831235 -0.178397223
v 0.6963158 0.743751168 -0.176195621
v 0.638324 0.831235 0.178397223
v 0.638324 0.9187743 0.196763515
v 0.638324 0.9187743 -0.196763515
v 0.638324 0.831235 -0.178397223
v 0.638324 0.9187743 0.196763515
v 0.783358634 0.9624886 0.201611981
v 0.783358634 0.9624886 -0.201611981
v 0.638324 0.9187743 -0.196763515
v 0.783358634 0.9624886 0.201611981
v 0.812354863 1.006258 0.208771944
v 0.812354863 1.006258 -0.208771944
v 0.783358634 0.9624886 -0.201611981
v 0.812354863 1.006258 0.208771944
v 0.783358634 1.05002761 0.212843925
v 0.783358634 1.05002761 -0.212843925
v 0.812354863 1.006258 -0.208771944
v 0.783358634 1.05002761 0.212843925
v 0.5512812 1.05002761 0.212843925
v 0.5512812 1.05002761 -0.212843925
v 0.783358634 1.05002761 -0.212843925
v 0.5512812 1.05002761 0.212843925
v 0.493234217 0.9624886 0.201611981
v 0.493234217 0.9624886 -0.201611981
v 0.5512812 1.05002761 -0.212843925
v 0.493234217 0.9624886 0.201611981
v 0.43518728 1.05002761 0.212843925
v 0.43518728 1.05002761 -0.212843925
v 0.493234217 0.9624886 -0.201611981
v 0.43518728 1.05002761 0.212843925
v 0.290152341 1.09374189 0.21355094
v 0.290152341 1.09374189 -0.21355094
v 0.43518728 1.05002761 -0.212843925
v 0.290152341 1.09374189 0.21355094
v 0.3191482 1.13751173 0.213871568
v 0.3191482 1.13751173 -0.213871568
v 0.290152341 1.09374189 -0.21355094
v 0.3191482 1.13751173 0.213871568
v 0.8993977 1.13751173 0.213871568
v 0.8993977 1.13751173 -0.213871568
v 0.3191482 1.13751173 -0.213871568
v 0.8993977 1.13751173 0.213871568
v 0.9284488 1.181226 0.212805122
v 0.9284488 1.181226 -0.212805122
v 0.8993977 1.13751173 -0.213871568
v 0.9284488 1.181226 0.212805122
v 0.8993977 1.22499549 0.2075813
v 0.8993977 1.22499549 -0.2075813
v 0.9284488 1.181226 -0.212805122
v 0.8993977 1.22499549 0.2075813
v 0.08707044 1.22499549 0.2075813
v 0.08707044 1.22499549 -0.2075813
v 0.8993977 1.22499549 -0.2075813
v 0.08707044 1.22499549 0.2075813
v 0.0290234815 1.13751173 0.213871568
v 0.0290234815 1.13751173 -0.213871568
v 0.08707044 1.22499549 -0.2075813
v 0.0290234815 1.13751173 0.213871568
v -0.116066322 1.268765 0.208678216
v -0.116066322 1.268765 -0.208678216
v 0.0290234815 1.13751173 -0.213871568
v -0.116066322 1.268765 0.208678216
v 2.76001047E-05 1.8812629 0.1484194
v 2.76001047E-05 1.8812629 -0.1484194
v -0.116066322 1.268765 -0.208678216
v 2.76001047E-05 1.8812629 0.1484194
v -0.145062208 2.1 0.128325656
v -0.145062208 2.1 -0.128325656
v 2.76001047E-05 1.8812629 -0.1484194
v -0.145062208 2.1 0.128325656
v -0.319148064 2.1 0.128325656
v -0.319148064 2.1 -0.128325656
v -0.145062208 2.1 -0.128325656
v -0.319148064 2.1 0.128325656
v -0.464182973 1.8812629 0.1484194
v -0.464182973 1.8812629 -0.1484194
v -0.319148064 2.1 -0.128325656
v -0.464182973 1.8812629 0.1484194
v -0.464182973 1.79377878 0.156059816
v -0.464182973 1.79377878 -0.156059816
v -0.464182973 1.8812629 -0.1484194
v -0.464182973 1.79377878 0.156059816
v -0.406191051 1.7062397 0.164246649
v -0.406191051 1.7062397 -0.164246649
v -0.464182973 1.79377878 -0.156059816
v -0.406191051 1.7062397 0.164246649
v -0.464182973 1.61875594 0.165459037
v -0.464182973 1.61875594 -0.165459037
v -0.406191051 1.7062397 -0.164246649
v -0.464182973 1.61875594 0.165459037
v -0.464182973 1.53127182 0.166166142
v -0.464182973 1.53127182 -0.166166142
v -0.464182973 1.61875594 -0.165459037
v -0.464182973 1.53127182 0.166166142
v -0.37714 1.40001857 0.2097672
v -0.37714 1.40001857 -0.2097672
v -0.464182973 1.53127182 -0.166166142
v -0.37714 1.40001857 0.2097672
v -0.319148064 1.40001857 0.2097672
v -0.319148064 1.40001857 -0.2097672
v -0.37714 1.40001857 -0.2097672
v -0.319148064 1.40001857 0.2097672
v -0.290152162 1.44373286 0.20572184
v -0.290152162 1.44373286 -0.20572184
v -0.319148064 1.40001857 -0.2097672
v -0.290152162 1.44373286 0.20572184
v -0.348144084 1.53127182 0.166166142
v -0.348144084 1.53127182 -0.166166142
v -0.290152162 1.44373286 -0.20572184
v -0.348144084 1.53127182 0.166166142
v -0.348144084 1.61875594 0.165459037
v -0.348144084 1.61875594 -0.165459037
v -0.348144084 1.53127182 -0.166166142
v -0.348144084 1.61875594 0.165459037
v -0.319148064 1.66252542 0.166420892
v -0.319148064 1.66252542 -0.166420892
v -0.348144084 1.61875594 -0.165459037
v -0.319148064 1.66252542 0.166420892
v -0.2611011 1.5749861 0.165509284
v -0.2611011 1.5749861 -0.165509284
v -0.319148064 1.66252542 -0.166420892
v -0.2611011 1.5749861 0.165509284
v -0.203109324 1.5749861 0.165509284
v -0.203109324 1.5749861 -0.165509284
v -0.2611011 1.5749861 -0.165509284
v -0.203109324 1.5749861 0.165509284
v -0.145062208 1.66252542 0.166420892
v -0.145062208 1.66252542 -0.166420892
v -0.203109324 1.5749861 -0.165509284
v -0.145062208 1.66252542 0.166420892
v -0.116066322 1.61875594 0.165459037
v -0.116066322 1.61875594 -0.165459037
v -0.145062208 1.66252542 -0.166420892
v -0.116066322 1.61875594 0.165459037
v -0.116066322 1.44373286 0.20572184
v -0.116066322 1.44373286 -0.20572184
v -0.116066322 1.61875594 -0.165459037
v -0.116066322 1.44373286 0.20572184
v -0.23210521 1.35624874 0.2116041
v -0.23210521 1.35624874 -0.2116041
v -0.116066322 1.44373286 -0.20572184
v -0.23210521 1.35624874 0.2116041
v -0.174058244 1.268765 0.208678216
v -0.174058244 1.268765 -0.208678216
v -0.23210521 1.35624874 -0.2116041
v -0.174058244 1.268765 0.208678216
v -0.2611011 1.13751173 0.213871568
v -0.2611011 1.13751173 -0.213871568
v -0.174058244 1.268765 -0.208678216
v -0.2611011 1.13751173 0.213871568
v -0.319148064 1.31247926 0.212266892
v -0.319148064 1.31247926 -0.212266892
v -0.2611011 1.13751173 -0.213871568
v -0.319148064 1.31247926 0.212266892
v -0.37714 1.31247926 0.212266892
v -0.37714 1.31247926 -0.212266892
v -0.319148064 1.31247926 -0.212266892
v -0.37714 1.31247926 0.212266892
v -0.435186952 1.22499549 0.2075813
v -0.435186952 1.22499549 -0.2075813
v -0.37714 1.31247926 -0.212266892
v -0.435186952 1.22499549 0.2075813
v -1.01543641 1.22499549 0.2075813
v -1.01543641 1.22499549 -0.2075813
v -0.435186952 1.22499549 -0.2075813
v -1.01543641 1.22499549 0.2075813
v -1.04448748 1.181226 0.212805122
v -1.04448748 1.181226 -0.212805122
v -1.01543641 1.22499549 -0.2075813
v -1.04448748 1.181226 0.212805122
v -1.04448748 1.006258 0.208771944
v -1.04448748 1.006258 -0.208771944
v -1.04448748 1.181226 -0.212805122
vt 0.32105 0.73016
vt 0.33684 0.70635
vt 0.34737 0.72222
vt 0.35789 0.70635
vt 0.36842 0.72222
vt 0.37895 0.72222
vt 0.38421 0.71429
vt 0.37368 0.69841
vt 0.37895 0.69048
vt 0.38947 0.70635
vt 0.39474 0.69841
vt 0.39474 0.68254
vt 0.41579 0.65079
vt 0.40526 0.63492
vt 0.40526 0.61905
vt 0.42632 0.60317
vt 0.40526 0.5873
vt 0.40526 0.57143
vt 0.39474 0.55556
vt 0.39474 0.52381
vt 0.38421 0.50794
vt 0.39474 0.46032
vt 0.38947 0.45238
vt 0.37895 0.46825
vt 0.37368 0.46032
vt 0.37368 0.39683
vt 0.38421 0.38095
vt 0.38421 0.30159
vt 0.4 0.2619
vt 0.41579 0.25397
vt 0.42105 0.21429
vt 0.42632 0.22222
vt 0.42632 0.28571
vt 0.44211 0.30952
vt 0.46316 0.30952
vt 0.48947 0.28571
vt 0.48947 0.2381
vt 0.49474 0.23016
vt 0.51579 0.27778
vt 0.53684 0.23016
vt 0.56316 0.2381
vt 0.54737 0.24603
vt 0.52105 0.28571
vt 0.52105 0.30159
vt 0.53684 0.30952
vt 0.55789 0.2619
vt 0.56316 0.26984
vt 0.55263 0.28571
vt 0.55263 0.30159
vt 0.56316 0.31746
vt 0.56316 0.33333
vt 0.59474 0.34921
vt 0.58421 0.36508
vt 0.58421 0.38095
vt 0.59474 0.39683
vt 0.59474 0.44444
vt 0.58421 0.46032
vt 0.58947 0.46825
vt 0.61579 0.46032
vt 0.61579 0.39683
vt 0.62632 0.38095
vt 0.61579 0.36508
vt 0.61579 0.34921
vt 0.62632 0.33333
vt 0.61579 0.31746
vt 0.61579 0.28571
vt 0.60526 0.26984
vt 0.60526 0.25397
vt 0.63684 0.22222
vt 0.61579 0.20635
vt 0.61579 0.1746
vt 0.62105 0.16667
vt 0.62632 0.1746
vt 0.62632 0.19048
vt 0.64737 0.22222
vt 0.64737 0.2381
vt 0.63684 0.25397
vt 0.64211 0.27778
vt 0.66316 0.23016
vt 0.67368 0.24603
vt 0.68421 0.23016
vt 0.68947 0.2381
vt 0.65789 0.26984
vt 0.68947 0.30159
vt 0.68421 0.30952
vt 0.67368 0.29365
vt 0.64737 0.33333
vt 0.66316 0.34127
vt 0.67368 0.3254
vt 0.67895 0.33333
vt 0.65789 0.38095
vt 0.66842 0.39683
vt 0.65263 0.40476
vt 0.64737 0.36508
vt 0.64211 0.35714
vt 0.63684 0.36508
vt 0.63684 0.42857
vt 0.64211 0.43651
vt 0.65263 0.42063
vt 0.65789 0.42857
vt 0.64737 0.44444
vt 0.65789 0.46032
vt 0.63684 0.49206
vt 0.63684 0.52381
vt 0.65263 0.54762
vt 0.66316 0.54762
vt 0.7 0.60317
vt 0.69474 0.61111
vt 0.63158 0.53175
vt 0.61053 0.56349
vt 0.60526 0.55556
vt 0.62632 0.52381
vt 0.62105 0.5
vt 0.61053 0.51587
vt 0.6 0.5
vt 0.58947 0.53175
vt 0.53684 0.53175
vt 0.52632 0.51587
vt 0.51053 0.53968
vt 0.51053 0.57143
vt 0.5 0.5873
vt 0.53158 0.66667
vt 0.53158 0.68254
vt 0.52105 0.69841
vt 0.53684 0.7381
vt 0.54211 0.69841
vt 0.55789 0.6746
vt 0.56316 0.68254
vt 0.55263 0.69841
vt 0.56842 0.72222
vt 0.57895 0.72222
vt 0.58421 0.71429
vt 0.57368 0.69841
vt 0.57895 0.69048
vt 0.58947 0.69048
vt 0.6 0.6746
vt 0.63158 0.6746
vt 0.63684 0.68254
vt 0.62632 0.69841
vt 0.62632 0.71429
vt 0.65263 0.72222
vt 0.65789 0.73016
vt 0.65263 0.7381
vt 0.61053 0.7381
vt 0.6 0.72222
vt 0.58947 0.7381
vt 0.56316 0.74603
vt 0.56842 0.75397
vt 0.67368 0.75397
vt 0.67895 0.7619
vt 0.67368 0.76984
vt 0.52632 0.76984
vt 0.51579 0.75397
vt 0.48947 0.77778
vt 0.51053 0.88889
vt 0.48421 0.92857
vt 0.45263 0.92857
vt 0.42632 0.88889
vt 0.42632 0.87302
vt 0.43684 0.85714
vt 0.42632 0.84127
vt 0.42632 0.8254
vt 0.44211 0.80159
vt 0.45263 0.80159
vt 0.45789 0.80952
vt 0.44737 0.8254
vt 0.44737 0.84127
vt 0.45263 0.84921
vt 0.46316 0.83333
vt 0.47368 0.83333
vt 0.48421 0.84921
vt 0.48947 0.84127
vt 0.48947 0.80952
vt 0.46842 0.79365
vt 0.47895 0.77778
vt 0.46316 0.75397
vt 0.45263 0.78571
vt 0.44211 0.78571
vt 0.43158 0.76984
vt 0.32632 0.76984
vt 0.32105 0.7619
vt 0.67895 0.73016
vt 0.663159966 0.70635
vt 0.65263 0.72222
vt 0.64211 0.70635
vt 0.63158 0.72222
vt 0.62105 0.72222
vt 0.61579 0.71429
vt 0.62632 0.69841
vt 0.62105 0.69048
vt 0.61053 0.70635
vt 0.60526 0.69841
vt 0.60526 0.68254
vt 0.584210038 0.65079
vt 0.594740033 0.63492
vt 0.594740033 0.61905
vt 0.573680043 0.60317
vt 0.594740033 0.5873
vt 0.594740033 0.57143
vt 0.60526 0.55556
vt 0.60526 0.52381
vt 0.61579 0.50794
vt 0.60526 0.46032
vt 0.61053 0.45238
vt 0.62105 0.46825
vt 0.62632 0.46032
vt 0.62632 0.39683
vt 0.61579 0.38095
vt 0.61579 0.30159
vt 0.6 0.2619
vt 0.584210038 0.25397
vt 0.57895 0.21429
vt 0.573680043 0.22222
vt 0.573680043 0.28571
vt 0.55789 0.30952
vt 0.536839962 0.30952
vt 0.51053 0.28571
vt 0.51053 0.2381
vt 0.50526 0.23016
vt 0.48421 0.27778
vt 0.463159978 0.23016
vt 0.43684 0.2381
vt 0.452629983 0.24603
vt 0.478950024 0.28571
vt 0.478950024 0.30159
vt 0.463159978 0.30952
vt 0.44211 0.2619
vt 0.43684 0.26984
vt 0.44737 0.28571
vt 0.44737 0.30159
vt 0.43684 0.31746
vt 0.43684 0.33333
vt 0.405260026 0.34921
vt 0.415790021 0.36508
vt 0.415790021 0.38095
vt 0.405260026 0.39683
vt 0.405260026 0.44444
vt 0.415790021 0.46032
vt 0.410529971 0.46825
vt 0.38421 0.46032
vt 0.38421 0.39683
vt 0.37368 0.38095
vt 0.38421 0.36508
vt 0.38421 0.34921
vt 0.37368 0.33333
vt 0.38421 0.31746
vt 0.38421 0.28571
vt 0.39474 0.26984
vt 0.39474 0.25397
vt 0.36316 0.22222
vt 0.38421 0.20635
vt 0.38421 0.1746
vt 0.37895 0.16667
vt 0.37368 0.1746
vt 0.37368 0.19048
vt 0.352630019 0.22222
vt 0.352630019 0.2381
vt 0.36316 0.25397
vt 0.35789 0.27778
vt 0.336839974 0.23016
vt 0.32632 0.24603
vt 0.31579 0.23016
vt 0.31053 0.2381
vt 0.342109978 0.26984
vt 0.31053 0.30159
vt 0.31579 0.30952
vt 0.32632 0.29365
vt 0.352630019 0.33333
vt 0.336839974 0.34127
vt 0.32632 0.3254
vt 0.32105 0.33333
vt 0.342109978 0.38095
vt 0.331579983 0.39683
vt 0.347370028 0.40476
vt 0.352630019 0.36508
vt 0.35789 0.35714
vt 0.36316 0.36508
vt 0.36316 0.42857
vt 0.35789 0.43651
vt 0.347370028 0.42063
vt 0.342109978 0.42857
vt 0.352630019 0.44444
vt 0.342109978 0.46032
vt 0.36316 0.49206
vt 0.36316 0.52381
vt 0.347370028 0.54762
vt 0.336839974 0.54762
vt 0.3 0.60317
vt 0.30526 0.61111
vt 0.36842 0.53175
vt 0.389469981 0.56349
vt 0.39474 0.55556
vt 0.37368 0.52381
vt 0.37895 0.5
vt 0.389469981 0.51587
vt 0.399999976 0.5
vt 0.410529971 0.53175
vt 0.463159978 0.53175
vt 0.473680019 0.51587
vt 0.48947 0.53968
vt 0.48947 0.57143
vt 0.5 0.5873
vt 0.468420029 0.66667
vt 0.468420029 0.68254
vt 0.478950024 0.69841
vt 0.463159978 0.7381
vt 0.457889974 0.69841
vt 0.44211 0.6746
vt 0.43684 0.68254
vt 0.44737 0.69841
vt 0.43158 0.72222
vt 0.42105 0.72222
vt 0.415790021 0.71429
vt 0.426320016 0.69841
vt 0.42105 0.69048
vt 0.410529971 0.69048
vt 0.399999976 0.6746
vt 0.36842 0.6746
vt 0.36316 0.68254
vt 0.37368 0.69841
vt 0.37368 0.71429
vt 0.347370028 0.72222
vt 0.342109978 0.73016
vt 0.347370028 0.7381
vt 0.389469981 0.7381
vt 0.399999976 0.72222
vt 0.410529971 0.7381
vt 0.43684 0.74603
vt 0.43158 0.75397
vt 0.32632 0.75397
vt 0.32105 0.7619
vt 0.32632 0.76984
vt 0.473680019 0.76984
vt 0.48421 0.75397
vt 0.51053 0.77778
vt 0.48947 0.88889
vt 0.51579 0.92857
vt 0.547369957 0.92857
vt 0.573680043 0.88889
vt 0.573680043 0.87302
vt 0.56316 0.85714
vt 0.573680043 0.84127
vt 0.573680043 0.8254
vt 0.55789 0.80159
vt 0.547369957 0.80159
vt 0.542109966 0.80952
vt 0.55263 0.8254
vt 0.55263 0.84127
vt 0.547369957 0.84921
vt 0.536839962 0.83333
vt 0.52632 0.83333
vt 0.51579 0.84921
vt 0.51053 0.84127
vt 0.51053 0.80952
vt 0.53158 0.79365
vt 0.52105 0.77778
vt 0.536839962 0.75397
vt 0.547369957 0.78571
vt 0.55789 0.78571
vt 0.56842 0.76984
vt 0.67368 0.76984
vt 0.67895 0.7619
vt 0 0.73016
vt 0.005524862 0.70635
vt 0.005524862 0.70635
vt 0 0.73016
vt 0.005524862 0.70635
vt 0.0110497242 0.72222
vt 0.0110497242 0.72222
vt 0.005524862 0.70635
vt 0.0110497242 0.72222
vt 0.0165745858 0.70635
vt 0.0165745858 0.70635
vt 0.0110497242 0.72222
vt 0.0165745858 0.70635
vt 0.0220994484 0.72222
vt 0.0220994484 0.72222
vt 0.0165745858 0.70635
vt 0.0220994484 0.72222
vt 0.0276243091 0.72222
vt 0.0276243091 0.72222
vt 0.0220994484 0.72222
vt 0.0276243091 0.72222
vt 0.03314917 0.71429
vt 0.03314917 0.71429
vt 0.0276243091 0.72222
vt 0.03314917 0.71429
vt 0.0386740342 0.69841
vt 0.0386740342 0.69841
vt 0.03314917 0.71429
vt 0.0386740342 0.69841
vt 0.0441988967 0.69048
vt 0.0441988967 0.69048
vt 0.0386740342 0.69841
vt 0.0441988967 0.69048
vt 0.0497237556 0.70635
vt 0.0497237556 0.70635
vt 0.0441988967 0.69048
vt 0.0497237556 0.70635
vt 0.0552486181 0.69841
vt 0.0552486181 0.69841
vt 0.0497237556 0.70635
vt 0.0552486181 0.69841
vt 0.06077348 0.68254
vt 0.06077348 0.68254
vt 0.0552486181 0.69841
vt 0.06077348 0.68254
vt 0.06629834 0.65079
vt 0.06629834 0.65079
vt 0.06077348 0.68254
vt 0.06629834 0.65079
vt 0.0718232 0.63492
vt 0.0718232 0.63492
vt 0.06629834 0.65079
vt 0.0718232 0.63492
vt 0.07734807 0.61905
vt 0.07734807 0.61905
vt 0.0718232 0.63492
vt 0.07734807 0.61905
vt 0.08287293 0.60317
vt 0.08287293 0.60317
vt 0.07734807 0.61905
vt 0.08287293 0.60317
vt 0.08839779 0.5873
vt 0.08839779 0.5873
vt 0.08287293 0.60317
vt 0.08839779 0.5873
vt 0.09392265 0.57143
vt 0.09392265 0.57143
vt 0.08839779 0.5873
vt 0.09392265 0.57143
vt 0.09944751 0.55556
vt 0.09944751 0.55556
vt 0.09392265 0.57143
vt 0.09944751 0.55556
vt 0.104972377 0.52381
vt 0.104972377 0.52381
vt 0.09944751 0.55556
vt 0.104972377 0.52381
vt 0.110497236 0.50794
vt 0.110497236 0.50794
vt 0.104972377 0.52381
vt 0.110497236 0.50794
vt 0.1160221 0.46032
vt 0.1160221 0.46032
vt 0.110497236 0.50794
vt 0.1160221 0.46032
vt 0.121546961 0.45238
vt 0.121546961 0.45238
vt 0.1160221 0.46032
vt 0.121546961 0.45238
vt 0.127071828 0.46825
vt 0.127071828 0.46825
vt 0.121546961 0.45238
vt 0.127071828 0.46825
vt 0.132596686 0.46032
vt 0.132596686 0.46032
vt 0.127071828 0.46825
vt 0.132596686 0.46032
vt 0.138121545 0.39683
vt 0.138121545 0.39683
vt 0.132596686 0.46032
vt 0.138121545 0.39683
vt 0.1436464 0.38095
vt 0.1436464 0.38095
vt 0.138121545 0.39683
vt 0.1436464 0.38095
vt 0.149171278 0.30159
vt 0.149171278 0.30159
vt 0.1436464 0.38095
vt 0.149171278 0.30159
vt 0.154696137 0.2619
vt 0.154696137 0.2619
vt 0.149171278 0.30159
vt 0.154696137 0.2619
vt 0.160221 0.25397
vt 0.160221 0.25397
vt 0.154696137 0.2619
vt 0.160221 0.25397
vt 0.165745854 0.21429
vt 0.165745854 0.21429
vt 0.160221 0.25397
vt 0.165745854 0.21429
vt 0.171270713 0.22222
vt 0.171270713 0.22222
vt 0.165745854 0.21429
vt 0.171270713 0.22222
vt 0.176795587 0.28571
vt 0.176795587 0.28571
vt 0.171270713 0.22222
vt 0.176795587 0.28571
vt 0.182320446 0.30952
vt 0.182320446 0.30952
vt 0.176795587 0.28571
vt 0.182320446 0.30952
vt 0.1878453 0.30952
vt 0.1878453 0.30952
vt 0.182320446 0.30952
vt 0.1878453 0.30952
vt 0.193370163 0.28571
vt 0.193370163 0.28571
vt 0.1878453 0.30952
vt 0.193370163 0.28571
vt 0.198895022 0.2381
vt 0.198895022 0.2381
vt 0.193370163 0.28571
vt 0.198895022 0.2381
vt 0.2044199 0.23016
vt 0.2044199 0.23016
vt 0.198895022 0.2381
vt 0.2044199 0.23016
vt 0.209944755 0.27778
vt 0.209944755 0.27778
vt 0.2044199 0.23016
vt 0.209944755 0.27778
vt 0.215469614 0.23016
vt 0.215469614 0.23016
vt 0.209944755 0.27778
vt 0.215469614 0.23016
vt 0.220994473 0.2381
vt 0.220994473 0.2381
vt 0.215469614 0.23016
vt 0.220994473 0.2381
vt 0.226519331 0.24603
vt 0.226519331 0.24603
vt 0.220994473 0.2381
vt 0.226519331 0.24603
vt 0.2320442 0.28571
vt 0.2320442 0.28571
vt 0.226519331 0.24603
vt 0.2320442 0.28571
vt 0.237569064 0.30159
vt 0.237569064 0.30159
vt 0.2320442 0.28571
vt 0.237569064 0.30159
vt 0.243093923 0.30952
vt 0.243093923 0.30952
vt 0.237569064 0.30159
vt 0.243093923 0.30952
vt 0.248618782 0.2619
vt 0.248618782 0.2619
vt 0.243093923 0.30952
vt 0.248618782 0.2619
vt 0.254143655 0.26984
vt 0.254143655 0.26984
vt 0.248618782 0.2619
vt 0.254143655 0.26984
vt 0.2596685 0.28571
vt 0.2596685 0.28571
vt 0.254143655 0.26984
vt 0.2596685 0.28571
vt 0.265193373 0.30159
vt 0.265193373 0.30159
vt 0.2596685 0.28571
vt 0.265193373 0.30159
vt 0.270718247 0.31746
vt 0.270718247 0.31746
vt 0.265193373 0.30159
vt 0.270718247 0.31746
vt 0.2762431 0.33333
vt 0.2762431 0.33333
vt 0.270718247 0.31746
vt 0.2762431 0.33333
vt 0.281767964 0.34921
vt 0.281767964 0.34921
vt 0.2762431 0.33333
vt 0.281767964 0.34921
vt 0.2872928 0.36508
vt 0.2872928 0.36508
vt 0.281767964 0.34921
vt 0.2872928 0.36508
vt 0.292817682 0.38095
vt 0.292817682 0.38095
vt 0.2872928 0.36508
vt 0.292817682 0.38095
vt 0.298342556 0.39683
vt 0.298342556 0.39683
vt 0.292817682 0.38095
vt 0.298342556 0.39683
vt 0.3038674 0.44444
vt 0.3038674 0.44444
vt 0.298342556 0.39683
vt 0.3038674 0.44444
vt 0.309392273 0.46032
vt 0.309392273 0.46032
vt 0.3038674 0.44444
vt 0.309392273 0.46032
vt 0.314917117 0.46825
vt 0.314917117 0.46825
vt 0.309392273 0.46032
vt 0.314917117 0.46825
vt 0.320442 0.46032
vt 0.320442 0.46032
vt 0.314917117 0.46825
vt 0.320442 0.46032
vt 0.325966865 0.39683
vt 0.325966865 0.39683
vt 0.320442 0.46032
vt 0.325966865 0.39683
vt 0.3314917 0.38095
vt 0.3314917 0.38095
vt 0.325966865 0.39683
vt 0.3314917 0.38095
vt 0.337016582 0.36508
vt 0.337016582 0.36508
vt 0.3314917 0.38095
vt 0.337016582 0.36508
vt 0.342541426 0.34921
vt 0.342541426 0.34921
vt 0.337016582 0.36508
vt 0.342541426 0.34921
vt 0.3480663 0.33333
vt 0.3480663 0.33333
vt 0.342541426 0.34921
vt 0.3480663 0.33333
vt 0.353591174 0.31746
vt 0.353591174 0.31746
vt 0.3480663 0.33333
vt 0.353591174 0.31746
vt 0.359116018 0.28571
vt 0.359116018 0.28571
vt 0.353591174 0.31746
vt 0.359116018 0.28571
vt 0.3646409 0.26984
vt 0.3646409 0.26984
vt 0.359116018 0.28571
vt 0.3646409 0.26984
vt 0.370165735 0.25397
vt 0.370165735 0.25397
vt 0.3646409 0.26984
vt 0.370165735 0.25397
vt 0.3756906 0.22222
vt 0.3756906 0.22222
vt 0.370165735 0.25397
vt 0.3756906 0.22222
vt 0.381215483 0.20635
vt 0.381215483 0.20635
vt 0.3756906 0.22222
vt 0.381215483 0.20635
vt 0.386740327 0.1746
vt 0.386740327 0.1746
vt 0.381215483 0.20635
vt 0.386740327 0.1746
vt 0.3922652 0.16667
vt 0.3922652 0.16667
vt 0.386740327 0.1746
vt 0.3922652 0.16667
vt 0.397790045 0.1746
vt 0.397790045 0.1746
vt 0.3922652 0.16667
vt 0.397790045 0.1746
vt 0.403314918 0.19048
vt 0.403314918 0.19048
vt 0.397790045 0.1746
vt 0.403314918 0.19048
vt 0.4088398 0.22222
vt 0.4088398 0.22222
vt 0.403314918 0.19048
vt 0.4088398 0.22222
vt 0.414364636 0.2381
vt 0.414364636 0.2381
vt 0.4088398 0.22222
vt 0.414364636 0.2381
vt 0.4198895 0.25397
vt 0.4198895 0.25397
vt 0.414364636 0.2381
vt 0.4198895 0.25397
vt 0.425414354 0.27778
vt 0.425414354 0.27778
vt 0.4198895 0.25397
vt 0.425414354 0.27778
vt 0.430939227 0.23016
vt 0.430939227 0.23016
vt 0.425414354 0.27778
vt 0.430939227 0.23016
vt 0.4364641 0.24603
vt 0.4364641 0.24603
vt 0.430939227 0.23016
vt 0.4364641 0.24603
vt 0.441988945 0.23016
vt 0.441988945 0.23016
vt 0.4364641 0.24603
vt 0.441988945 0.23016
vt 0.447513819 0.2381
vt 0.447513819 0.2381
vt 0.441988945 0.23016
vt 0.447513819 0.2381
vt 0.453038663 0.26984
vt 0.453038663 0.26984
vt 0.447513819 0.2381
vt 0.453038663 0.26984
vt 0.458563536 0.30159
vt 0.458563536 0.30159
vt 0.453038663 0.26984
vt 0.458563536 0.30159
vt 0.4640884 0.30952
vt 0.4640884 0.30952
vt 0.458563536 0.30159
vt 0.4640884 0.30952
vt 0.469613254 0.29365
vt 0.469613254 0.29365
vt 0.4640884 0.30952
vt 0.469613254 0.29365
vt 0.475138128 0.33333
vt 0.475138128 0.33333
vt 0.469613254 0.29365
vt 0.475138128 0.33333
vt 0.480662972 0.34127
vt 0.480662972 0.34127
vt 0.475138128 0.33333
vt 0.480662972 0.34127
vt 0.486187845 0.3254
vt 0.486187845 0.3254
vt 0.480662972 0.34127
vt 0.486187845 0.3254
vt 0.491712719 0.33333
vt 0.491712719 0.33333
vt 0.486187845 0.3254
vt 0.491712719 0.33333
vt 0.497237563 0.38095
vt 0.497237563 0.38095
vt 0.491712719 0.33333
vt 0.497237563 0.38095
vt 0.502762437 0.39683
vt 0.502762437 0.39683
vt 0.497237563 0.38095
vt 0.502762437 0.39683
vt 0.5082873 0.40476
vt 0.5082873 0.40476
vt 0.502762437 0.39683
vt 0.5082873 0.40476
vt 0.5138122 0.36508
vt 0.5138122 0.36508
vt 0.5082873 0.40476
vt 0.5138122 0.36508
vt 0.519337 0.35714
vt 0.519337 0.35714
vt 0.5138122 0.36508
vt 0.519337 0.35714
vt 0.5248619 0.36508
vt 0.5248619 0.36508
vt 0.519337 0.35714
vt 0.5248619 0.36508
vt 0.530386746 0.42857
vt 0.530386746 0.42857
vt 0.5248619 0.36508
vt 0.530386746 0.42857
vt 0.5359116 0.43651
vt 0.5359116 0.43651
vt 0.530386746 0.42857
vt 0.5359116 0.43651
vt 0.5414365 0.42063
vt 0.5414365 0.42063
vt 0.5359116 0.43651
vt 0.5414365 0.42063
vt 0.5469613 0.42857
vt 0.5469613 0.42857
vt 0.5414365 0.42063
vt 0.5469613 0.42857
vt 0.5524862 0.44444
vt 0.5524862 0.44444
vt 0.5469613 0.42857
vt 0.5524862 0.44444
vt 0.558011055 0.46032
vt 0.558011055 0.46032
vt 0.5524862 0.44444
vt 0.558011055 0.46032
vt 0.5635359 0.49206
vt 0.5635359 0.49206
vt 0.558011055 0.46032
vt 0.5635359 0.49206
vt 0.5690608 0.52381
vt 0.5690608 0.52381
vt 0.5635359 0.49206
vt 0.5690608 0.52381
vt 0.5745856 0.54762
vt 0.5745856 0.54762
vt 0.5690608 0.52381
vt 0.5745856 0.54762
vt 0.5801105 0.54762
vt 0.5801105 0.54762
vt 0.5745856 0.54762
vt 0.5801105 0.54762
vt 0.585635364 0.60317
vt 0.585635364 0.60317
vt 0.5801105 0.54762
vt 0.585635364 0.60317
vt 0.591160238 0.61111
vt 0.591160238 0.61111
vt 0.585635364 0.60317
vt 0.591160238 0.61111
vt 0.5966851 0.53175
vt 0.5966851 0.53175
vt 0.591160238 0.61111
vt 0.5966851 0.53175
vt 0.6022099 0.56349
vt 0.6022099 0.56349
vt 0.5966851 0.53175
vt 0.6022099 0.56349
vt 0.6077348 0.55556
vt 0.6077348 0.55556
vt 0.6022099 0.56349
vt 0.6077348 0.55556
vt 0.6132597 0.52381
vt 0.6132597 0.52381
vt 0.6077348 0.55556
vt 0.6132597 0.52381
vt 0.618784547 0.5
vt 0.618784547 0.5
vt 0.6132597 0.52381
vt 0.618784547 0.5
vt 0.6243094 0.51587
vt 0.6243094 0.51587
vt 0.618784547 0.5
vt 0.6243094 0.51587
vt 0.629834235 0.5
vt 0.629834235 0.5
vt 0.6243094 0.51587
vt 0.629834235 0.5
vt 0.6353591 0.53175
vt 0.6353591 0.53175
vt 0.629834235 0.5
vt 0.6353591 0.53175
vt 0.640884 0.53175
vt 0.640884 0.53175
vt 0.6353591 0.53175
vt 0.640884 0.53175
vt 0.646408856 0.51587
vt 0.646408856 0.51587
vt 0.640884 0.53175
vt 0.646408856 0.51587
vt 0.6519337 0.53968
vt 0.6519337 0.53968
vt 0.646408856 0.51587
vt 0.6519337 0.53968
vt 0.657458544 0.57143
vt 0.657458544 0.57143
vt 0.6519337 0.53968
vt 0.657458544 0.57143
vt 0.6629834 0.5873
vt 0.6629834 0.5873
vt 0.657458544 0.57143
vt 0.6629834 0.5873
vt 0.6685083 0.66667
vt 0.6685083 0.66667
vt 0.6629834 0.5873
vt 0.6685083 0.66667
vt 0.674033165 0.68254
vt 0.674033165 0.68254
vt 0.6685083 0.66667
vt 0.674033165 0.68254
vt 0.679558039 0.69841
vt 0.679558039 0.69841
vt 0.674033165 0.68254
vt 0.679558039 0.69841
vt 0.685082853 0.7381
vt 0.685082853 0.7381
vt 0.679558039 0.69841
vt 0.685082853 0.7381
vt 0.6906077 0.69841
vt 0.6906077 0.69841
vt 0.685082853 0.7381
vt 0.6906077 0.69841
vt 0.6961326 0.6746
vt 0.6961326 0.6746
vt 0.6906077 0.69841
vt 0.6961326 0.6746
vt 0.7016575 0.68254
vt 0.7016575 0.68254
vt 0.6961326 0.6746
vt 0.7016575 0.68254
vt 0.707182348 0.69841
vt 0.707182348 0.69841
vt 0.7016575 0.68254
vt 0.707182348 0.69841
vt 0.712707162 0.72222
vt 0.712707162 0.72222
vt 0.707182348 0.69841
vt 0.712707162 0.72222
vt 0.718232036 0.72222
vt 0.718232036 0.72222
vt 0.712707162 0.72222
vt 0.718232036 0.72222
vt 0.7237569 0.71429
vt 0.7237569 0.71429
vt 0.718232036 0.72222
vt 0.7237569 0.71429
vt 0.7292818 0.69841
vt 0.7292818 0.69841
vt 0.7237569 0.71429
vt 0.7292818 0.69841
vt 0.734806657 0.69048
vt 0.734806657 0.69048
vt 0.7292818 0.69841
vt 0.734806657 0.69048
vt 0.7403315 0.69048
vt 0.7403315 0.69048
vt 0.734806657 0.69048
vt 0.7403315 0.69048
vt 0.745856345 0.6746
vt 0.745856345 0.6746
vt 0.7403315 0.69048
vt 0.745856345 0.6746
vt 0.7513812 0.6746
vt 0.7513812 0.6746
vt 0.745856345 0.6746
vt 0.7513812 0.6746
vt 0.7569061 0.68254
vt 0.7569061 0.68254
vt 0.7513812 0.6746
vt 0.7569061 0.68254
vt 0.762430966 0.69841
vt 0.762430966 0.69841
vt 0.7569061 0.68254
vt 0.762430966 0.69841
vt 0.7679558 0.71429
vt 0.7679558 0.71429
vt 0.762430966 0.69841
vt 0.7679558 0.71429
vt 0.773480654 0.72222
vt 0.773480654 0.72222
vt 0.7679558 0.71429
vt 0.773480654 0.72222
vt 0.7790055 0.73016
vt 0.7790055 0.73016
vt 0.773480654 0.72222
vt 0.7790055 0.73016
vt 0.7845304 0.7381
vt 0.7845304 0.7381
vt 0.7790055 0.73016
vt 0.7845304 0.7381
vt 0.7900553 0.7381
vt 0.7900553 0.7381
vt 0.7845304 0.7381
vt 0.7900553 0.7381
vt 0.7955801 0.72222
vt 0.7955801 0.72222
vt 0.7900553 0.7381
vt 0.7955801 0.72222
vt 0.801104963 0.7381
vt 0.801104963 0.7381
vt 0.7955801 0.72222
vt 0.801104963 0.7381
vt 0.806629837 0.74603
vt 0.806629837 0.74603
vt 0.801104963 0.7381
vt 0.806629837 0.74603
vt 0.8121547 0.75397
vt 0.8121547 0.75397
vt 0.806629837 0.74603
vt 0.8121547 0.75397
vt 0.8176796 0.75397
vt 0.8176796 0.75397
vt 0.8121547 0.75397
vt 0.8176796 0.75397
vt 0.8232044 0.7619
vt 0.8232044 0.7619
vt 0.8176796 0.75397
vt 0.8232044 0.7619
vt 0.8287293 0.76984
vt 0.8287293 0.76984
vt 0.8232044 0.7619
vt 0.8287293 0.76984
vt 0.834254146 0.76984
vt 0.834254146 0.76984
vt 0.8287293 0.76984
vt 0.834254146 0.76984
vt 0.839779 0.75397
vt 0.839779 0.75397
vt 0.834254146 0.76984
vt 0.839779 0.75397
vt 0.8453039 0.77778
vt 0.8453039 0.77778
vt 0.839779 0.75397
vt 0.8453039 0.77778
vt 0.8508287 0.88889
vt 0.8508287 0.88889
vt 0.8453039 0.77778
vt 0.8508287 0.88889
vt 0.8563536 0.92857
vt 0.8563536 0.92857
vt 0.8508287 0.88889
vt 0.8563536 0.92857
vt 0.861878455 0.92857
vt 0.861878455 0.92857
vt 0.8563536 0.92857
vt 0.861878455 0.92857
vt 0.8674033 0.88889
vt 0.8674033 0.88889
vt 0.861878455 0.92857
vt 0.8674033 0.88889
vt 0.8729282 0.87302
vt 0.8729282 0.87302
vt 0.8674033 0.88889
vt 0.8729282 0.87302
vt 0.878453 0.85714
vt 0.878453 0.85714
vt 0.8729282 0.87302
vt 0.878453 0.85714
vt 0.8839779 0.84127
vt 0.8839779 0.84127
vt 0.878453 0.85714
vt 0.8839779 0.84127
vt 0.889502764 0.8254
vt 0.889502764 0.8254
vt 0.8839779 0.84127
vt 0.889502764 0.8254
vt 0.895027637 0.80159
vt 0.895027637 0.80159
vt 0.889502764 0.8254
vt 0.895027637 0.80159
vt 0.9005525 0.80159
vt 0.9005525 0.80159
vt 0.895027637 0.80159
vt 0.9005525 0.80159
vt 0.9060773 0.80952
vt 0.9060773 0.80952
vt 0.9005525 0.80159
vt 0.9060773 0.80952
vt 0.9116022 0.8254
vt 0.9116022 0.8254
vt 0.9060773 0.80952
vt 0.9116022 0.8254
vt 0.9171271 0.84127
vt 0.9171271 0.84127
vt 0.9116022 0.8254
vt 0.9171271 0.84127
vt 0.922651947 0.84921
vt 0.922651947 0.84921
vt 0.9171271 0.84127
vt 0.922651947 0.84921
vt 0.9281768 0.83333
vt 0.9281768 0.83333
vt 0.922651947 0.84921
vt 0.9281768 0.83333
vt 0.933701634 0.83333
vt 0.933701634 0.83333
vt 0.9281768 0.83333
vt 0.933701634 0.83333
vt 0.9392265 0.84921
vt 0.9392265 0.84921
vt 0.933701634 0.83333
vt 0.9392265 0.84921
vt 0.9447514 0.84127
vt 0.9447514 0.84127
vt 0.9392265 0.84921
vt 0.9447514 0.84127
vt 0.950276256 0.80952
vt 0.950276256 0.80952
vt 0.9447514 0.84127
vt 0.950276256 0.80952
vt 0.9558011 0.79365
vt 0.9558011 0.79365
vt 0.950276256 0.80952
vt 0.9558011 0.79365
vt 0.961325943 0.77778
vt 0.961325943 0.77778
vt 0.9558011 0.79365
vt 0.961325943 0.77778
vt 0.9668508 0.75397
vt 0.9668508 0.75397
vt 0.961325943 0.77778
vt 0.9668508 0.75397
vt 0.9723757 0.78571
vt 0.9723757 0.78571
vt 0.9668508 0.75397
vt 0.9723757 0.78571
vt 0.977900565 0.78571
vt 0.977900565 0.78571
vt 0.9723757 0.78571
vt 0.977900565 0.78571
vt 0.983425438 0.76984
vt 0.983425438 0.76984
vt 0.977900565 0.78571
vt 0.983425438 0.76984
vt 0.988950253 0.76984
vt 0.988950253 0.76984
vt 0.983425438 0.76984
vt 0.988950253 0.76984
vt 0.9944751 0.7619
vt 0.9944751 0.7619
vt 0.988950253 0.76984
vt 0.9944751 0.7619
vt 0 0.73016
vt 0 0.73016
vt 0.9944751 0.7619
vn 0 0 1
vn 0 0 1
vn 0 0 1
vn 0 0 1
vn 0 0 1
vn 0 0 1
vn 0 0 1
vn 0 0 1
vn 0 0 1
vn 0 0 1
vn 0 0 1
vn 0 0 1
vn 0 0 1
vn 0 0 1
vn 0 0 1
vn 0 0 1
vn 0 0 1
vn 0 0 1
vn 0 0 1
vn 0 0 1
vn 0 0 1
vn 0 0 1
vn 0 0 1
vn 0 0 1
vn 0 0 1
vn 0 0 1
vn 0 0 1
vn 0 0 1
vn 0 0 1
vn 0 0 1
vn 0 0 1
vn 0 0 1
vn 0 0 1
vn 0 0 1
vn 0 0 1
vn 0 0 1
vn 0 0 1
vn 0 0 1
vn 0 0 1
vn 0 0 1
vn 0 0 1
vn 0 0 1
vn 0 0 1
vn 0 0 1
vn 0 0 1
vn 0 0 1
vn 0 0 1
vn 0 0 1
vn 0 0 1
vn 0 0 1
vn 0 0 1
vn 0 0 1
vn 0 0 1
vn 0 0 1
vn 0 0 1
vn 0 0 1
vn 0 0 1
vn 0 0 1
vn 0 0 1
vn 0 0 1
vn 0 0 1
vn 0 0 1
vn 0 0 1
vn 0 0 1
vn 0 0 1
vn 0 0 1
vn 0 0 1
vn 0 0 1
vn 0 0 1
vn 0 0 1
vn 0 0 1
vn 0 0 1
vn 0 0 1
vn 0 0 1
vn 0 0 1
vn 0 0 1
vn 0 0 1
vn 0 0 1
vn 0 0 1
vn 0 0 1
vn 0 0 1
vn 0 0 1
vn 0 0 1
vn 0 0 1
vn 0 0 1
vn 0 0 1
vn 0 0 1
vn 0 0 1
vn 0 0 1
vn 0 0 1
vn 0 0 1
vn 0 0 1
vn 0 0 1
vn 0 0 1
vn 0 0 1
vn 0 0 1
vn 0 0 1
vn 0 0 1
vn 0 0 1
vn 0 0 1
vn 0 0 1
vn 0 0 1
vn 0 0 1
vn 0 0 1
vn 0 0 1
vn 0 0 1
vn 0 0 1
vn 0 0 1
vn 0 0 1
vn 0 0 1
vn 0 0 1
vn 0 0 1
vn 0 0 1
vn 0 0 1
vn 0 0 1
vn 0 0 1
vn 0 0 1
vn 0 0 1
vn 0 0 1
vn 0 0 1
vn 0 0 1
vn 0 0 1
vn 0 0 1
vn 0 0 1
vn 0 0 1
vn 0 0 1
vn 0 0 1
vn 0 0 1
vn 0 0 1
vn 0 0 1
vn 0 0 1
vn 0 0 1
vn 0 0 1
vn 0 0 1
vn 0 0 1
vn 0 0 1
vn 0 0 1
vn 0 0 1
vn 0 0 1
vn 0 0 1
vn 0 0 1
vn 0 0 1
vn 0 0 1
vn 0 0 1
vn 0 0 1
vn 0 0 1
vn 0 0 1
vn 0 0 1
vn 0 0 1
vn 0 0 1
vn 0 0 1
vn 0 0 1
vn 0 0 1
vn 0 0 1
vn 0 0 1
vn 0 0 1
vn 0 0 1
vn 0 0 1
vn 0 0 1
vn 0 0 1
vn 0 0 1
vn 0 0 1
vn 0 0 1
vn 0 0 1
vn 0 0 1
vn 0 0 1
vn 0 0 1
vn 0 0 1
vn 0 0 1
vn 0 0 1
vn 0 0 1
vn 0 0 1
vn 0 0 1
vn 0 0 1
vn 0 0 1
vn 0 0 1
vn 0 0 1
vn 0 0 1
vn 0 0 1
vn 0 0 1
vn 0 0 1
vn 0 0 -1
vn 0 0 -1
vn 0 0 -1
vn 0 0 -1
vn 0 0 -1
vn 0 0 -1
vn 0 0 -1
vn 0 0 -1
vn 0 0 -1
vn 0 0 -1
vn 0 0 -1
vn 0 0 -1
vn 0 0 -1
vn 0 0 -1
vn 0 0 -1
vn 0 0 -1
vn 0 0 -1
vn 0 0 -1
vn 0 0 -1
vn 0 0 -1
vn 0 0 -1
vn 0 0 -1
vn 0 0 -1
vn 0 0 -1
vn 0 0 -1
vn 0 0 -1
vn 0 0 -1
vn 0 0 -1
vn 0 0 -1
vn 0 0 -1
vn 0 0 -1
vn 0 0 -1
vn 0 0 -1
vn 0 0 -1
vn 0 0 -1
vn 0 0 -1
vn 0 0 -1
vn 0 0 -1
vn 0 0 -1
vn 0 0 -1
vn 0 0 -1
vn 0 0 -1
vn 0 0 -1
vn 0 0 -1
vn 0 0 -1
vn 0 0 -1
vn 0 0 -1
vn 0 0 -1
vn 0 0 -1
vn 0 0 -1
vn 0 0 -1
vn 0 0 -1
vn 0 0 -1
vn 0 0 -1
vn 0 0 -1
vn 0 0 -1
vn 0 0 -1
vn 0 0 -1
vn 0 0 -1
vn 0 0 -1
vn 0 0 -1
vn 0 0 -1
vn 0 0 -1
vn 0 0 -1
vn 0 0 -1
vn 0 0 -1
vn 0 0 -1
vn 0 0 -1
vn 0 0 -1
vn 0 0 -1
vn 0 0 -1
vn 0 0 -1
vn 0 0 -1
vn 0 0 -1
vn 0 0 -1
vn 0 0 -1
vn 0 0 -1
vn 0 0 -1
vn 0 0 -1
vn 0 0 -1
vn 0 0 -1
vn 0 0 -1
vn 0 0 -1
vn 0 0 -1
vn 0 0 -1
vn 0 0 -1
vn 0 0 -1
vn 0 0 -1
vn 0 0 -1
vn 0 0 -1
vn 0 0 -1
vn 0 0 -1
vn 0 0 -1
vn 0 0 -1
vn 0 0 -1
vn 0 0 -1
vn 0 0 -1
vn 0 0 -1
vn 0 0 -1
vn 0 0 -1
vn 0 0 -1
vn 0 0 -1
vn 0 0 -1
vn 0 0 -1
vn 0 0 -1
vn 0 0 -1
vn 0 0 -1
vn 0 0 -1
vn 0 0 -1
vn 0 0 -1
vn 0 0 -1
vn 0 0 -1
vn 0 0 -1
vn 0 0 -1
vn 0 0 -1
vn 0 0 -1
vn 0 0 -1
vn 0 0 -1
vn 0 0 -1
vn 0 0 -1
vn 0 0 -1
vn 0 0 -1
vn 0 0 -1
vn 0 0 -1
vn 0 0 -1
vn 0 0 -1
vn 0 0 -1
vn 0 0 -1
vn 0 0 -1
vn 0 0 -1
vn 0 0 -1
vn 0 0 -1
vn 0 0 -1
vn 0 0 -1
vn 0 0 -1
vn 0 0 -1
vn 0 0 -1
vn 0 0 -1
vn 0 0 -1
vn 0 0 -1
vn 0 0 -1
vn 0 0 -1
vn 0 0 -1
vn 0 0 -1
vn 0 0 -1
vn 0 0 -1
vn 0 0 -1
vn 0 0 -1
vn 0 0 -1
vn 0 0 -1
vn 0 0 -1
vn 0 0 -1
vn 0 0 -1
vn 0 0 -1
vn 0 0 -1
vn 0 0 -1
vn 0 0 -1
vn 0 0 -1
vn 0 0 -1
vn 0 0 -1
vn 0 0 -1
vn 0 0 -1
vn 0 0 -1
vn 0 0 -1
vn 0 0 -1
vn 0 0 -1
vn 0 0 -1
vn 0 0 -1
vn 0 0 -1
vn 0 0 -1
vn 0 0 -1
vn 0 0 -1
vn 0 0 -1
vn 0 0 -1
vn 0 0 -1
vn 0 0 -1
vn 0 0 -1
vn 0 0 -1
vn 0 0 -1
vn 0 0 -1
vn 0 0 -1
vn -0.8333935 -0.552680135 0
vn -0.8333935 -0.552680135 0
vn -0.8333935 -0.552680135 0
vn -0.8333935 -0.552680135 0
vn -0.8332599 0.5528815 0
vn -0.8332599 0.5528815 0
vn -0.8332599 0.5528815 0
vn -0.8332599 0.5528815 0
vn -0.833501339 -0.552517533 0
vn -0.833501339 -0.552517533 0
vn -0.833501339 -0.552517533 0
vn -0.833501339 -0.552517533 0
vn -0.833259642 0.5528819 0
vn -0.833259642 0.5528819 0
vn -0.833259642 0.5528819 0
vn -0.833259642 0.5528819 0
vn 0 1 0
vn 0 1 0
vn 0 1 0
vn 0 1 0
vn -0.833341241 -0.5527588 0
vn -0.833341241 -0.5527588 0
vn -0.833341241 -0.5527588 0
vn -0.833341241 -0.5527588 0
vn -0.8334214 0.552638054 0
vn -0.8334214 0.552638054 0
vn -0.8334214 0.552638054 0
vn -0.8334214 0.552638054 0
vn -0.8328569 -0.5534884 0
vn -0.8328569 -0.5534884 0
vn -0.8328569 -0.5534884 0
vn -0.8328569 -0.5534884 0
vn -0.8335022 0.552516162 0
vn -0.8335022 0.552516162 0
vn -0.8335022 0.552516162 0
vn -0.8335022 0.552516162 0
vn -0.833181 -0.5530003 0
vn -0.833181 -0.5530003 0
vn -0.833181 -0.5530003 0
vn -0.833181 -0.5530003 0
vn -1 0 0
vn -1 0 0
vn -1 0 0
vn -1 0 0
vn -0.8334612 -0.5525779 0
vn -0.8334612 -0.5525779 0
vn -0.8334612 -0.5525779 0
vn -0.8334612 -0.5525779 0
vn -0.8332598 0.5528816 0
vn -0.8332598 0.5528816 0
vn -0.8332598 0.5528816 0
vn -0.8332598 0.5528816 0
vn -1 0 0
vn -1 0 0
vn -1 0 0
vn -1 0 0
vn -0.6020618 -0.7984495 0
vn -0.6020618 -0.7984495 0
vn -0.6020618 -0.7984495 0
vn -0.6020618 -0.7984495 0
vn -0.601818264 0.798633039 0
vn -0.601818264 0.798633039 0
vn -0.601818264 0.798633039 0
vn -0.601818264 0.798633039 0
vn -1 0 0
vn -1 0 0
vn -1 0 0
vn -1 0 0
vn -0.8335022 0.552516162 0
vn -0.8335022 0.552516162 0
vn -0.8335022 0.552516162 0
vn -0.8335022 0.552516162 0
vn -1 0 0
vn -1 0 0
vn -1 0 0
vn -1 0 0
vn -0.8332605 0.552880645 0
vn -0.8332605 0.552880645 0
vn -0.8332605 0.552880645 0
vn -0.8332605 0.552880645 0
vn -0.97641325 -0.215909973 0
vn -0.97641325 -0.215909973 0
vn -0.97641325 -0.215909973 0
vn -0.97641325 -0.215909973 0
vn -0.8331795 0.5530026 0
vn -0.8331795 0.5530026 0
vn -0.8331795 0.5530026 0
vn -0.8331795 0.5530026 0
vn -0.833501756 -0.5525168 0
vn -0.833501756 -0.5525168 0
vn -0.833501756 -0.5525168 0
vn -0.833501756 -0.5525168 0
vn -0.8328576 0.5534873 0
vn -0.8328576 0.5534873 0
vn -0.8328576 0.5534873 0
vn -0.8328576 0.5534873 0
vn -1 0 0
vn -1 0 0
vn -1 0 0
vn -1 0 0
vn -0.8334205 -0.552639365 0
vn -0.8334205 -0.552639365 0
vn -0.8334205 -0.552639365 0
vn -0.8334205 -0.552639365 0
vn -1 0 0
vn -1 0 0
vn -1 0 0
vn -1 0 0
vn -0.929169059 -0.369654953 0
vn -0.929169059 -0.369654953 0
vn -0.929169059 -0.369654953 0
vn -0.929169059 -0.369654953 0
vn -0.448799 -0.8936327 0
vn -0.448799 -0.8936327 0
vn -0.448799 -0.8936327 0
vn -0.448799 -0.8936327 0
vn -0.991327941 -0.131411582 0
vn -0.991327941 -0.131411582 0
vn -0.991327941 -0.131411582 0
vn -0.991327941 -0.131411582 0
vn 0.832858562 -0.5534859 0
vn 0.832858562 -0.5534859 0
vn 0.832858562 -0.5534859 0
vn 0.832858562 -0.5534859 0
vn -1 0 0
vn -1 0 0
vn -1 0 0
vn -1 0 0
vn 0.833393931 -0.5526794 0
vn 0.833393931 -0.5526794 0
vn 0.833393931 -0.5526794 0
vn 0.833393931 -0.5526794 0
vn 0 -1 0
vn 0 -1 0
vn 0 -1 0
vn 0 -1 0
vn -0.671002 -0.741455555 0
vn -0.671002 -0.741455555 0
vn -0.671002 -0.741455555 0
vn -0.671002 -0.741455555 0
vn -1 0 0
vn -1 0 0
vn -1 0 0
vn -1 0 0
vn -0.8331788 -0.5530036 0
vn -0.8331788 -0.5530036 0
vn -0.8331788 -0.5530036 0
vn -0.8331788 -0.5530036 0
vn 0.9146257 -0.404301673 0
vn 0.9146257 -0.404301673 0
vn 0.9146257 -0.404301673 0
vn 0.9146257 -0.404301673 0
vn -0.9146252 -0.4043026 0
vn -0.9146252 -0.4043026 0
vn -0.9146252 -0.4043026 0
vn -0.9146252 -0.4043026 0
vn 0.288816541 -0.9573845 0
vn 0.288816541 -0.9573845 0
vn 0.288816541 -0.9573845 0
vn 0.288816541 -0.9573845 0
vn -0.448797852 -0.8936333 0
vn -0.448797852 -0.8936333 0
vn -0.448797852 -0.8936333 0
vn -0.448797852 -0.8936333 0
vn -0.83334 -0.552760661 0
vn -0.83334 -0.552760661 0
vn -0.83334 -0.552760661 0
vn -0.83334 -0.552760661 0
vn 1 0 0
vn 1 0 0
vn 1 0 0
vn 1 0 0
vn 0.44879657 -0.893633962 0
vn 0.44879657 -0.893633962 0
vn 0.44879657 -0.893633962 0
vn 0.44879657 -0.893633962 0
vn -0.9146257 -0.4043018 0
vn -0.9146257 -0.4043018 0
vn -0.9146257 -0.4043018 0
vn -0.9146257 -0.4043018 0
vn 0.833178043 -0.553004861 0
vn 0.833178043 -0.553004861 0
vn 0.833178043 -0.553004861 0
vn 0.833178043 -0.553004861 0
vn -0.83326 -0.5528814 0
vn -0.83326 -0.5528814 0
vn -0.83326 -0.5528814 0
vn -0.83326 -0.5528814 0
vn 1 0 0
vn 1 0 0
vn 1 0 0
vn 1 0 0
vn 0.83326 -0.5528814 0
vn 0.83326 -0.5528814 0
vn 0.83326 -0.5528814 0
vn 0.83326 -0.5528814 0
vn 1 0 0
vn 1 0 0
vn 1 0 0
vn 1 0 0
vn 0.4492493 -0.893406451 0
vn 0.4492493 -0.893406451 0
vn 0.4492493 -0.893406451 0
vn 0.4492493 -0.893406451 0
vn -0.8332603 -0.5528809 0
vn -0.8332603 -0.5528809 0
vn -0.8332603 -0.5528809 0
vn -0.8332603 -0.5528809 0
vn 1 0 0
vn 1 0 0
vn 1 0 0
vn 1 0 0
vn 0.8334204 -0.5526396 0
vn 0.8334204 -0.5526396 0
vn 0.8334204 -0.5526396 0
vn 0.8334204 -0.5526396 0
vn 1 0 0
vn 1 0 0
vn 1 0 0
vn 1 0 0
vn 0.8334203 0.552639663 0
vn 0.8334203 0.552639663 0
vn 0.8334203 0.552639663 0
vn 0.8334203 0.552639663 0
vn 0.833339155 -0.552762 0
vn 0.833339155 -0.552762 0
vn 0.833339155 -0.552762 0
vn 0.833339155 -0.552762 0
vn -0.288483024 -0.9574851 0
vn -0.288483024 -0.9574851 0
vn -0.288483024 -0.9574851 0
vn -0.288483024 -0.9574851 0
vn 1 0 0
vn 1 0 0
vn 1 0 0
vn 1 0 0
vn 0.8334205 0.552639365 0
vn 0.8334205 0.552639365 0
vn 0.8334205 0.552639365 0
vn 0.8334205 0.552639365 0
vn 0.8332601 -0.552881241 0
vn 0.8332601 -0.552881241 0
vn 0.8332601 -0.552881241 0
vn 0.8332601 -0.552881241 0
vn 1 0 0
vn 1 0 0
vn 1 0 0
vn 1 0 0
vn -0.833420336 -0.552639663 0
vn -0.833420336 -0.552639663 0
vn -0.833420336 -0.552639663 0
vn -0.833420336 -0.552639663 0
vn 0.8332604 -0.5528807 0
vn 0.8332604 -0.5528807 0
vn 0.8332604 -0.5528807 0
vn 0.8332604 -0.5528807 0
vn 1 0 0
vn 1 0 0
vn 1 0 0
vn 1 0 0
vn 0.8332598 -0.5528816 0
vn 0.8332598 -0.5528816 0
vn 0.8332598 -0.5528816 0
vn 0.8332598 -0.5528816 0
vn 1 0 0
vn 1 0 0
vn 1 0 0
vn 1 0 0
vn -0.709002554 -0.7052059 0
vn -0.709002554 -0.7052059 0
vn -0.709002554 -0.7052059 0
vn -0.709002554 -0.7052059 0
vn 0.6020012 -0.798495233 0
vn 0.6020012 -0.798495233 0
vn 0.6020012 -0.798495233 0
vn 0.6020012 -0.798495233 0
vn 1 0 0
vn 1 0 0
vn 1 0 0
vn 1 0 0
vn -0.8333427 -0.5527567 0
vn -0.8333427 -0.5527567 0
vn -0.8333427 -0.5527567 0
vn -0.8333427 -0.5527567 0
vn 0.832857966 -0.553486764 0
vn 0.832857966 -0.553486764 0
vn 0.832857966 -0.553486764 0
vn 0.832857966 -0.553486764 0
vn 1 0 0
vn 1 0 0
vn 1 0 0
vn 1 0 0
vn 0.8333812 -0.5526986 0
vn 0.8333812 -0.5526986 0
vn 0.8333812 -0.5526986 0
vn 0.8333812 -0.5526986 0
vn 1 0 0
vn 1 0 0
vn 1 0 0
vn 1 0 0
vn -0.8332601 -0.552881241 0
vn -0.8332601 -0.552881241 0
vn -0.8332601 -0.552881241 0
vn -0.8332601 -0.552881241 0
vn 0.97637 -0.216105416 0
vn 0.97637 -0.216105416 0
vn 0.97637 -0.216105416 0
vn 0.97637 -0.216105416 0
vn 0.9146252 0.404302537 0
vn 0.9146252 0.404302537 0
vn 0.9146252 0.404302537 0
vn 0.9146252 0.404302537 0
vn 0.83350265 -0.5525155 0
vn 0.83350265 -0.5525155 0
vn 0.83350265 -0.5525155 0
vn 0.83350265 -0.5525155 0
vn -0.8332602 -0.552881062 0
vn -0.8332602 -0.552881062 0
vn -0.8332602 -0.552881062 0
vn -0.8332602 -0.552881062 0
vn 0.833663046 -0.552273452 0
vn 0.833663046 -0.552273452 0
vn 0.833663046 -0.552273452 0
vn 0.833663046 -0.552273452 0
vn -0.7088917 -0.7053174 0
vn -0.7088917 -0.7053174 0
vn -0.7088917 -0.7053174 0
vn -0.7088917 -0.7053174 0
vn 0.7090027 -0.7052058 0
vn 0.7090027 -0.7052058 0
vn 0.7090027 -0.7052058 0
vn 0.7090027 -0.7052058 0
vn 0.833341956 0.5527578 0
vn 0.833341956 0.5527578 0
vn 0.833341956 0.5527578 0
vn 0.833341956 0.5527578 0
vn 0.8332602 -0.552881062 0
vn 0.8332602 -0.552881062 0
vn 0.8332602 -0.552881062 0
vn 0.8332602 -0.552881062 0
vn -0.8334371 -0.552614331 0
vn -0.8334371 -0.552614331 0
vn -0.8334371 -0.552614331 0
vn -0.8334371 -0.552614331 0
vn 0.449247956 -0.893407166 0
vn 0.449247956 -0.893407166 0
vn 0.449247956 -0.893407166 0
vn 0.449247956 -0.893407166 0
vn 0.83350265 0.5525155 0
vn 0.83350265 0.5525155 0
vn 0.83350265 0.5525155 0
vn 0.83350265 0.5525155 0
vn 0.83285743 -0.553487539 0
vn 0.83285743 -0.553487539 0
vn 0.83285743 -0.553487539 0
vn 0.83285743 -0.553487539 0
vn 0.9145545 0.4044627 0
vn 0.9145545 0.4044627 0
vn 0.9145545 0.4044627 0
vn 0.9145545 0.4044627 0
vn 0.8334205 -0.552639365 0
vn 0.8334205 -0.552639365 0
vn 0.8334205 -0.552639365 0
vn 0.8334205 -0.552639365 0
vn -0.448797077 -0.893633664 0
vn -0.448797077 -0.893633664 0
vn -0.448797077 -0.893633664 0
vn -0.448797077 -0.893633664 0
vn 0.991328061 -0.131410658 0
vn 0.991328061 -0.131410658 0
vn 0.991328061 -0.131410658 0
vn 0.991328061 -0.131410658 0
vn 0.833663046 -0.552273452 0
vn 0.833663046 -0.552273452 0
vn 0.833663046 -0.552273452 0
vn 0.833663046 -0.552273452 0
vn 0.833179 0.55300343 0
vn 0.833179 0.55300343 0
vn 0.833179 0.55300343 0
vn 0.833179 0.55300343 0
vn 1 0 0
vn 1 0 0
vn 1 0 0
vn 1 0 0
vn 0.8331783 -0.553004444 0
vn 0.8331783 -0.553004444 0
vn 0.8331783 -0.553004444 0
vn 0.8331783 -0.553004444 0
vn 0.833662331 0.552274466 0
vn 0.833662331 0.552274466 0
vn 0.833662331 0.552274466 0
vn 0.833662331 0.552274466 0
vn 0.8336592 -0.552279234 0
vn 0.8336592 -0.552279234 0
vn 0.8336592 -0.552279234 0
vn 0.8336592 -0.552279234 0
vn 0.833500862 0.5525181 0
vn 0.833500862 0.5525181 0
vn 0.833500862 0.5525181 0
vn 0.833500862 0.5525181 0
vn 0.833660841 -0.5522767 0
vn 0.833660841 -0.5522767 0
vn 0.833660841 -0.5522767 0
vn 0.833660841 -0.5522767 0
vn 0.83338064 0.552699566 0
vn 0.83338064 0.552699566 0
vn 0.83338064 0.552699566 0
vn 0.83338064 0.552699566 0
vn 1 0 0
vn 1 0 0
vn 1 0 0
vn 1 0 0
vn 0.8333941 -0.552679241 0
vn 0.8333941 -0.552679241 0
vn 0.8333941 -0.552679241 0
vn 0.8333941 -0.552679241 0
vn 0 -1 0
vn 0 -1 0
vn 0 -1 0
vn 0 -1 0
vn 0.8333868 -0.552690268 0
vn 0.8333868 -0.552690268 0
vn 0.8333868 -0.552690268 0
vn 0.8333868 -0.552690268 0
vn 0.833662331 0.552274466 0
vn 0.833662331 0.552274466 0
vn 0.833662331 0.552274466 0
vn 0.833662331 0.552274466 0
vn 0.7824436 -0.622721434 0
vn 0.7824436 -0.622721434 0
vn 0.7824436 -0.622721434 0
vn 0.7824436 -0.622721434 0
vn 0.8333809 0.5526991 0
vn 0.8333809 0.5526991 0
vn 0.8333809 0.5526991 0
vn 0.8333809 0.5526991 0
vn 0.8328561 -0.5534896 0
vn 0.8328561 -0.5534896 0
vn 0.8328561 -0.5534896 0
vn 0.8328561 -0.5534896 0
vn 0.83334 0.5527607 0
vn 0.83334 0.5527607 0
vn 0.83334 0.5527607 0
vn 0.83334 0.5527607 0
vn 0.9763701 -0.216105223 0
vn 0.9763701 -0.216105223 0
vn 0.9763701 -0.216105223 0
vn 0.9763701 -0.216105223 0
vn 0.833502 0.55251646 0
vn 0.833502 0.55251646 0
vn 0.833502 0.55251646 0
vn 0.833502 0.55251646 0
vn 0.8332595 -0.552882 0
vn 0.8332595 -0.552882 0
vn 0.8332595 -0.552882 0
vn 0.8332595 -0.552882 0
vn 0.9491607 0.314791977 0
vn 0.9491607 0.314791977 0
vn 0.9491607 0.314791977 0
vn 0.9491607 0.314791977 0
vn 0 -1 0
vn 0 -1 0
vn 0 -1 0
vn 0 -1 0
vn 0.833661854 -0.5522752 0
vn 0.833661854 -0.5522752 0
vn 0.833661854 -0.5522752 0
vn 0.833661854 -0.5522752 0
vn -0.8333946 -0.5526784 0
vn -0.8333946 -0.5526784 0
vn -0.8333946 -0.5526784 0
vn -0.8333946 -0.5526784 0
vn 1 0 0
vn 1 0 0
vn 1 0 0
vn 1 0 0
vn 0.833259642 0.552881837 0
vn 0.833259642 0.552881837 0
vn 0.833259642 0.552881837 0
vn 0.833259642 0.552881837 0
vn -0.9291535 0.3696942 0
vn -0.9291535 0.3696942 0
vn -0.9291535 0.3696942 0
vn -0.9291535 0.3696942 0
vn 1 0 0
vn 1 0 0
vn 1 0 0
vn 1 0 0
vn 0.8332598 0.552881658 0
vn 0.8332598 0.552881658 0
vn 0.8332598 0.552881658 0
vn 0.8332598 0.552881658 0
vn -0.929169 0.369655162 0
vn -0.929169 0.369655162 0
vn -0.929169 0.369655162 0
vn -0.929169 0.369655162 0
vn 0.9912997 0.131623849 0
vn 0.9912997 0.131623849 0
vn 0.9912997 0.131623849 0
vn 0.9912997 0.131623849 0
vn 0.83355546 0.552435756 0
vn 0.83355546 0.552435756 0
vn 0.83355546 0.552435756 0
vn 0.83355546 0.552435756 0
vn -0.833178043 0.553004861 0
vn -0.833178043 0.553004861 0
vn -0.833178043 0.553004861 0
vn -0.833178043 0.553004861 0
vn 0.833259761 0.552881658 0
vn 0.833259761 0.552881658 0
vn 0.833259761 0.552881658 0
vn 0.833259761 0.552881658 0
vn -0.8333946 0.5526784 0
vn -0.8333946 0.5526784 0
vn -0.8333946 0.5526784 0
vn -0.8333946 0.5526784 0
vn 0 1 0
vn 0 1 0
vn 0 1 0
vn 0 1 0
vn 0.833341241 0.5527588 0
vn 0.833341241 0.5527588 0
vn 0.833341241 0.5527588 0
vn 0.833341241 0.5527588 0
vn -0.83342123 0.552638233 0
vn -0.83342123 0.552638233 0
vn -0.83342123 0.552638233 0
vn -0.83342123 0.552638233 0
vn 0.832856655 0.5534888 0
vn 0.832856655 0.5534888 0
vn 0.832856655 0.5534888 0
vn 0.832856655 0.5534888 0
vn 0 1 0
vn 0 1 0
vn 0 1 0
vn 0 1 0
vn 0.833420336 0.552639663 0
vn 0.833420336 0.552639663 0
vn 0.833420336 0.552639663 0
vn 0.833420336 0.552639663 0
vn 0 1 0
vn 0 1 0
vn 0 1 0
vn 0 1 0
vn 0.8336618 -0.55227524 0
vn 0.8336618 -0.55227524 0
vn 0.8336618 -0.55227524 0
vn 0.8336618 -0.55227524 0
vn 0.8335018 0.5525167 0
vn 0.8335018 0.5525167 0
vn 0.8335018 0.5525167 0
vn 0.8335018 0.5525167 0
vn 1 0 0
vn 1 0 0
vn 1 0 0
vn 1 0 0
vn -0.2885826 0.957455039 0
vn -0.2885826 0.957455039 0
vn -0.2885826 0.957455039 0
vn -0.2885826 0.957455039 0
vn 0.8336589 -0.5522798 0
vn 0.8336589 -0.5522798 0
vn 0.8336589 -0.5522798 0
vn 0.8336589 -0.5522798 0
vn 0.833659947 0.552278161 0
vn 0.833659947 0.552278161 0
vn 0.833659947 0.552278161 0
vn 0.833659947 0.552278161 0
vn 0 1 0
vn 0 1 0
vn 0 1 0
vn 0 1 0
vn -0.8334203 0.5526398 0
vn -0.8334203 0.5526398 0
vn -0.8334203 0.5526398 0
vn -0.8334203 0.5526398 0
vn 0.8334205 0.552639365 0
vn 0.8334205 0.552639365 0
vn 0.8334205 0.552639365 0
vn 0.8334205 0.552639365 0
vn 0.288581967 0.957455158 0
vn 0.288581967 0.957455158 0
vn 0.288581967 0.957455158 0
vn 0.288581967 0.957455158 0
vn -0.8336644 0.5522713 0
vn -0.8336644 0.5522713 0
vn -0.8336644 0.5522713 0
vn -0.8336644 0.5522713 0
vn 0 1 0
vn 0 1 0
vn 0 1 0
vn 0 1 0
vn 0.832856 -0.5534896 0
vn 0.832856 -0.5534896 0
vn 0.832856 -0.5534896 0
vn 0.832856 -0.5534896 0
vn 0.8331778 0.5530053 0
vn 0.8331778 0.5530053 0
vn 0.8331778 0.5530053 0
vn 0.8331778 0.5530053 0
vn 0 1 0
vn 0 1 0
vn 0 1 0
vn 0 1 0
vn -0.833259642 0.5528819 0
vn -0.833259642 0.5528819 0
vn -0.833259642 0.5528819 0
vn -0.833259642 0.5528819 0
vn 0.670861363 0.741582751 0
vn 0.670861363 0.741582751 0
vn 0.670861363 0.741582751 0
vn 0.670861363 0.741582751 0
vn -0.9825069 0.186226055 0
vn -0.9825069 0.186226055 0
vn -0.9825069 0.186226055 0
vn -0.9825069 0.186226055 0
vn 0.833340168 0.5527604 0
vn 0.833340168 0.5527604 0
vn 0.833340168 0.5527604 0
vn 0.833340168 0.5527604 0
vn 0 1 0
vn 0 1 0
vn 0 1 0
vn 0 1 0
vn -0.8334365 0.552615166 0
vn -0.8334365 0.552615166 0
vn -0.8334365 0.552615166 0
vn -0.8334365 0.552615166 0
vn -1 0 0
vn -1 0 0
vn -1 0 0
vn -1 0 0
vn 0.8336619 0.5522752 0
vn 0.8336619 0.5522752 0
vn 0.8336619 0.5522752 0
vn 0.8336619 0.5522752 0
vn -0.8335011 0.5525178 0
vn -0.8335011 0.5525178 0
vn -0.8335011 0.5525178 0
vn -0.8335011 0.5525178 0
vn -1 0 0
vn -1 0 0
vn -1 0 0
vn -1 0 0
vn 0.8333935 0.552680135 0
vn 0.8333935 0.552680135 0
vn 0.8333935 0.552680135 0
vn 0.8333935 0.552680135 0
vn 0 1 0
vn 0 1 0
vn 0 1 0
vn 0 1 0
vn -0.833341 0.55275923 0
vn -0.833341 0.55275923 0
vn -0.833341 0.55275923 0
vn -0.833341 0.55275923 0
vn 0.833661556 0.552275658 0
vn 0.833661556 0.552275658 0
vn 0.833661556 0.552275658 0
vn 0.833661556 0.552275658 0
vn -1 0 0
vn -1 0 0
vn -1 0 0
vn -1 0 0
vn -0.833661 0.552276433 0
vn -0.833661 0.552276433 0
vn -0.833661 0.552276433 0
vn -0.833661 0.552276433 0
vn 0.83342123 0.552638233 0
vn 0.83342123 0.552638233 0
vn 0.83342123 0.552638233 0
vn 0.83342123 0.552638233 0
vn 0 1 0
vn 0 1 0
vn 0 1 0
vn 0 1 0
vn -0.8334206 0.552639246 0
vn -0.8334206 0.552639246 0
vn -0.8334206 0.552639246 0
vn -0.8334206 0.552639246 0
vn 0.8336622 0.5522747 0
vn 0.8336622 0.5522747 0
vn 0.8336622 0.5522747 0
vn 0.8336622 0.5522747 0
vn -1 0 0
vn -1 0 0
vn -1 0 0
vn -1 0 0
vn -0.6020017 0.798494756 0
vn -0.6020017 0.798494756 0
vn -0.6020017 0.798494756 0
vn -0.6020017 0.798494756 0
vn 0.833259642 0.552881956 0
vn 0.833259642 0.552881956 0
vn 0.833259642 0.552881956 0
vn 0.833259642 0.552881956 0
vn -0.833393931 0.552679539 0
vn -0.833393931 0.552679539 0
vn -0.833393931 0.552679539 0
vn -0.833393931 0.552679539 0
vn 0.9491307 0.314882219 0
vn 0.9491307 0.314882219 0
vn 0.9491307 0.314882219 0
vn 0.9491307 0.314882219 0
vn 0 1 0
vn 0 1 0
vn 0 1 0
vn 0 1 0
vn -0.833259642 0.552881956 0
vn -0.833259642 0.552881956 0
vn -0.833259642 0.552881956 0
vn -0.833259642 0.552881956 0
vn 0 1 0
vn 0 1 0
vn 0 1 0
vn 0 1 0
vn -0.8331783 0.553004444 0
vn -0.8331783 0.553004444 0
vn -0.8331783 0.553004444 0
vn -0.8331783 0.553004444 0
vn -1 0 0
vn -1 0 0
vn -1 0 0
vn -1 0 0
f 181/181/181 1/1/1 2/2/2
f 181/181/181 2/2/2 3/3/3
f 3/3/3 4/4/4 5/5/5
f 181/181/181 3/3/3 5/5/5
f 181/181/181 5/5/5 6/6/6
f 7/7/7 8/8/8 9/9/9
f 7/7/7 9/9/9 10/10/10
f 7/7/7 10/10/10 11/11/11
f 11/11/11 12/12/12 13/13/13
f 13/13/13 14/14/14 15/15/15
f 13/13/13 15/15/15 16/16/16
f 16/16/16 17/17/17 18/18/18
f 16/16/16 18/18/18 19/19/19
f 16/16/16 19/19/19 20/20/20
f 20/20/20 21/21/21 22/22/22
f 16/16/16 20/20/20 22/22/22
f 23/23/23 24/24/24 25/25/25
f 23/23/23 25/25/25 26/26/26
f 22/22/22 23/23/23 26/26/26
f 22/22/22 26/26/26 27/27/27
f 16/16/16 22/22/22 27/27/27
f 16/16/16 27/27/27 28/28/28
f 16/16/16 28/28/28 29/29/29
f 16/16/16 29/29/29 30/30/30
f 16/16/16 30/30/30 31/31/31
f 31/31/31 32/32/32 33/33/33
f 16/16/16 31/31/31 33/33/33
f 16/16/16 33/33/33 34/34/34
f 16/16/16 34/34/34 35/35/35
f 16/16/16 35/35/35 36/36/36
f 36/36/36 37/37/37 38/38/38
f 36/36/36 38/38/38 39/39/39
f 16/16/16 36/36/36 39/39/39
f 13/13/13 16/16/16 39/39/39
f 13/13/13 39/39/39 40/40/40
f 40/40/40 41/41/41 42/42/42
f 40/40/40 42/42/42 43/43/43
f 13/13/13 40/40/40 43/43/43
f 13/13/13 43/43/43 44/44/44
f 13/13/13 44/44/44 45/45/45
f 13/13/13 45/45/45 46/46/46
f 46/46/46 47/47/47 48/48/48
f 13/13/13 46/46/46 48/48/48
f 13/13/13 48/48/48 49/49/49
f 13/13/13 49/49/49 50/50/50
f 11/11/11 13/13/13 50/50/50
f 11/11/11 50/50/50 51/51/51
f 51/51/51 52/52/52 53/53/53
f 11/11/11 51/51/51 53/53/53
f 11/11/11 53/53/53 54/54/54
f 11/11/11 54/54/54 55/55/55
f 7/7/7 11/11/11 55/55/55
f 55/55/55 56/56/56 57/57/57
f 59/59/59 60/60/60 61/61/61
f 61/61/61 62/62/62 63/63/63
f 61/61/61 63/63/63 64/64/64
f 64/64/64 65/65/65 66/66/66
f 66/66/66 67/67/67 68/68/68
f 66/66/66 68/68/68 69/69/69
f 64/64/64 66/66/66 69/69/69
f 61/61/61 64/64/64 69/69/69
f 69/69/69 70/70/70 71/71/71
f 71/71/71 72/72/72 73/73/73
f 71/71/71 73/73/73 74/74/74
f 69/69/69 71/71/71 74/74/74
f 69/69/69 74/74/74 75/75/75
f 69/69/69 75/75/75 76/76/76
f 69/69/69 76/76/76 77/77/77
f 61/61/61 69/69/69 77/77/77
f 61/61/61 77/77/77 78/78/78
f 59/59/59 61/61/61 78/78/78
f 59/59/59 78/78/78 79/79/79
f 80/80/80 81/81/81 82/82/82
f 80/80/80 82/82/82 83/83/83
f 79/79/79 80/80/80 83/83/83
f 83/83/83 84/84/84 85/85/85
f 83/83/83 85/85/85 86/86/86
f 83/83/83 86/86/86 87/87/87
f 79/79/79 83/83/83 87/87/87
f 88/88/88 89/89/89 90/90/90
f 88/88/88 90/90/90 91/91/91
f 87/87/87 88/88/88 91/91/91
f 91/91/91 92/92/92 93/93/93
f 87/87/87 91/91/91 93/93/93
f 87/87/87 93/93/93 94/94/94
f 87/87/87 94/94/94 95/95/95
f 79/79/79 87/87/87 95/95/95
f 79/79/79 95/95/95 96/96/96
f 59/59/59 79/79/79 96/96/96
f 59/59/59 96/96/96 97/97/97
f 59/59/59 97/97/97 98/98/98
f 98/98/98 99/99/99 100/100/100
f 59/59/59 98/98/98 100/100/100
f 59/59/59 100/100/100 101/101/101
f 59/59/59 101/101/101 102/102/102
f 58/58/58 59/59/59 102/102/102
f 58/58/58 102/102/102 103/103/103
f 105/105/105 106/106/106 107/107/107
f 105/105/105 107/107/107 108/108/108
f 105/105/105 108/108/108 109/109/109
f 104/104/104 105/105/105 109/109/109
f 103/103/103 104/104/104 109/109/109
f 109/109/109 110/110/110 111/111/111
f 109/109/109 111/111/111 112/112/112
f 103/103/103 109/109/109 112/112/112
f 103/103/103 112/112/112 113/113/113
f 58/58/58 103/103/103 113/113/113
f 58/58/58 113/113/113 114/114/114
f 57/57/57 58/58/58 114/114/114
f 57/57/57 114/114/114 115/115/115
f 57/57/57 115/115/115 116/116/116
f 57/57/57 116/116/116 117/117/117
f 55/55/55 57/57/57 117/117/117
f 55/55/55 117/117/117 118/118/118
f 7/7/7 55/55/55 118/118/118
f 6/6/6 7/7/7 118/118/118
f 6/6/6 118/118/118 119/119/119
f 6/6/6 119/119/119 120/120/120
f 6/6/6 120/120/120 121/121/121
f 6/6/6 121/121/121 122/122/122
f 181/181/181 6/6/6 122/122/122
f 181/181/181 122/122/122 123/123/123
f 181/181/181 123/123/123 124/124/124
f 181/181/181 124/124/124 125/125/125
f 125/125/125 126/126/126 127/127/127
f 127/127/127 128/128/128 129/129/129
f 125/125/125 127/127/127 129/129/129
f 125/125/125 129/129/129 130/130/130
f 125/125/125 130/130/130 131/131/131
f 132/132/132 133/133/133 134/134/134
f 132/132/132 134/134/134 135/135/135
f 132/132/132 135/135/135 136/136/136
f 132/132/132 136/136/136 137/137/137
f 131/131/131 132/132/132 137/137/137
f 131/131/131 137/137/137 138/138/138
f 131/131/131 138/138/138 139/139/139
f 131/131/131 139/139/139 140/140/140
f 125/125/125 131/131/131 140/140/140
f 140/140/140 141/141/141 142/142/142
f 140/140/140 142/142/142 143/143/143
f 140/140/140 143/143/143 144/144/144
f 140/140/140 144/144/144 145/145/145
f 125/125/125 140/140/140 145/145/145
f 125/125/125 145/145/145 146/146/146
f 181/181/181 125/125/125 146/146/146
f 181/181/181 146/146/146 147/147/147
f 148/148/148 149/149/149 150/150/150
f 148/148/148 150/150/150 151/151/151
f 148/148/148 151/151/151 152/152/152
f 147/147/147 148/148/148 152/152/152
f 147/147/147 152/152/152 153/153/153
f 155/155/155 156/156/156 157/157/157
f 155/155/155 157/157/157 158/158/158
f 155/155/155 158/158/158 159/159/159
f 155/155/155 159/159/159 160/160/160
f 155/155/155 160/160/160 161/161/161
f 161/161/161 162/162/162 163/163/163
f 161/161/161 163/163/163 164/164/164
f 161/161/161 164/164/164 165/165/165
f 161/161/161 165/165/165 166/166/166
f 161/161/161 166/166/166 167/167/167
f 161/161/161 167/167/167 168/168/168
f 155/155/155 161/161/161 168/168/168
f 155/155/155 168/168/168 169/169/169
f 169/169/169 170/170/170 171/171/171
f 155/155/155 169/169/169 171/171/171
f 155/155/155 171/171/171 172/172/172
f 155/155/155 172/172/172 173/173/173
f 154/154/154 155/155/155 173/173/173
f 154/154/154 173/173/173 174/174/174
f 153/153/153 154/154/154 174/174/174
f 153/153/153 174/174/174 175/175/175
f 153/153/153 175/175/175 176/176/176
f 147/147/147 153/153/153 176/176/176
f 181/181/181 147/147/147 176/176/176
f 176/176/176 177/177/177 178/178/178
f 176/176/176 178/178/178 179/179/179
f 181/181/181 176/176/176 179/179/179
f 179/179/179 180/180/180 181/181/181
f 362/362/362 183/183/183 182/182/182
f 362/362/362 184/184/184 183/183/183
f 184/184/184 186/186/186 185/185/185
f 362/362/362 186/186/186 184/184/184
f 362/362/362 187/187/187 186/186/186
f 188/188/188 190/190/190 189/189/189
f 188/188/188 191/191/191 190/190/190
f 188/188/188 192/192/192 191/191/191
f 192/192/192 194/194/194 193/193/193
f 194/194/194 196/196/196 195/195/195
f 194/194/194 197/197/197 196/196/196
f 197/197/197 199/199/199 198/198/198
f 197/197/197 200/200/200 199/199/199
f 197/197/197 201/201/201 200/200/200
f 201/201/201 203/203/203 202/202/202
f 197/197/197 203/203/203 201/201/201
f 204/204/204 206/206/206 205/205/205
f 204/204/204 207/207/207 206/206/206
f 203/203/203 207/207/207 204/204/204
f 203/203/203 208/208/208 207/207/207
f 197/197/197 208/208/208 203/203/203
f 197/197/197 209/209/209 208/208/208
f 197/197/197 210/210/210 209/209/209
f 197/197/197 211/211/211 210/210/210
f 197/197/197 212/212/212 211/211/211
f 212/212/212 214/214/214 213/213/213
f 197/197/197 214/214/214 212/212/212
f 197/197/197 215/215/215 214/214/214
f 197/197/197 216/216/216 215/215/215
f 197/197/197 217/217/217 216/216/216
f 217/217/217 219/219/219 218/218/218
f 217/217/217 220/220/220 219/219/219
f 197/197/197 220/220/220 217/217/217
f 194/194/194 220/220/220 197/197/197
f 194/194/194 221/221/221 220/220/220
f 221/221/221 223/223/223 222/222/222
f 221/221/221 224/224/224 223/223/223
f 194/194/194 224/224/224 221/221/221
f 194/194/194 225/225/225 224/224/224
f 194/194/194 226/226/226 225/225/225
f 194/194/194 227/227/227 226/226/226
f 227/227/227 229/229/229 228/228/228
f 194/194/194 229/229/229 227/227/227
f 194/194/194 230/230/230 229/229/229
f 194/194/194 231/231/231 230/230/230
f 192/192/192 231/231/231 194/194/194
f 192/192/192 232/232/232 231/231/231
f 232/232/232 234/234/234 233/233/233
f 192/192/192 234/234/234 232/232/232
f 192/192/192 235/235/235 234/234/234
f 192/192/192 236/236/236 235/235/235
f 188/188/188 236/236/236 192/192/192
f 236/236/236 238/238/238 237/237/237
f 240/240/240 242/242/242 241/241/241
f 242/242/242 244/244/244 243/243/243
f 242/242/242 245/245/245 244/244/244
f 245/245/245 247/247/247 246/246/246
f 247/247/247 249/249/249 248/248/248
f 247/247/247 250/250/250 249/249/249
f 245/245/245 250/250/250 247/247/247
f 242/242/242 250/250/250 245/245/245
f 250/250/250 252/252/252 251/251/251
f 252/252/252 254/254/254 253/253/253
f 252/252/252 255/255/255 254/254/254
f 250/250/250 255/255/255 252/252/252
f 250/250/250 256/256/256 255/255/255
f 250/250/250 257/257/257 256/256/256
f 250/250/250 258/258/258 257/257/257
f 242/242/242 258/258/258 250/250/250
f 242/242/242 259/259/259 258/258/258
f 240/240/240 259/259/259 242/242/242
f 240/240/240 260/260/260 259/259/259
f 261/261/261 263/263/263 262/262/262
f 261/261/261 264/264/264 263/263/263
f 260/260/260 264/264/264 261/261/261
f 264/264/264 266/266/266 265/265/265
f 264/264/264 267/267/267 266/266/266
f 264/264/264 268/268/268 267/267/267
f 260/260/260 268/268/268 264/264/264
f 269/269/269 271/271/271 270/270/270
f 269/269/269 272/272/272 271/271/271
f 268/268/268 272/272/272 269/269/269
f 272/272/272 274/274/274 273/273/273
f 268/268/268 274/274/274 272/272/272
f 268/268/268 275/275/275 274/274/274
f 268/268/268 276/276/276 275/275/275
f 260/260/260 276/276/276 268/268/268
f 260/260/260 277/277/277 276/276/276
f 240/240/240 277/277/277 260/260/260
f 240/240/240 278/278/278 277/277/277
f 240/240/240 279/279/279 278/278/278
f 279/279/279 281/281/281 280/280/280
f 240/240/240 281/281/281 279/279/279
f 240/240/240 282/282/282 281/281/281
f 240/240/240 283/283/283 282/282/282
f 239/239/239 283/283/283 240/240/240
f 239/239/239 284/284/284 283/283/283
f 286/286/286 288/288/288 287/287/287
f 286/286/286 289/289/289 288/288/288
f 286/286/286 290/290/290 289/289/289
f 285/285/285 290/290/290 286/286/286
f 284/284/284 290/290/290 285/285/285
f 290/290/290 292/292/292 291/291/291
f 290/290/290 293/293/293 292/292/292
f 284/284/284 293/293/293 290/290/290
f 284/284/284 294/294/294 293/293/293
f 239/239/239 294/294/294 284/284/284
f 239/239/239 295/295/295 294/294/294
f 238/238/238 295/295/295 239/239/239
f 238/238/238 296/296/296 295/295/295
f 238/238/238 297/297/297 296/296/296
f 238/238/238 298/298/298 297/297/297
f 236/236/236 298/298/298 238/238/238
f 236/236/236 299/299/299 298/298/298
f 188/188/188 299/299/299 236/236/236
f 187/187/187 299/299/299 188/188/188
f 187/187/187 300/300/300 299/299/299
f 187/187/187 301/301/301 300/300/300
f 187/187/187 302/302/302 301/301/301
f 187/187/187 303/303/303 302/302/302
f 362/362/362 303/303/303 187/187/187
f 362/362/362 304/304/304 303/303/303
f 362/362/362 305/305/305 304/304/304
f 362/362/362 306/306/306 305/305/305
f 306/306/306 308/308/308 307/307/307
f 308/308/308 310/310/310 309/309/309
f 306/306/306 310/310/310 308/308/308
f 306/306/306 311/311/311 310/310/310
f 306/306/306 312/312/312 311/311/311
f 313/313/313 315/315/315 314/314/314
f 313/313/313 316/316/316 315/315/315
f 313/313/313 317/317/317 316/316/316
f 313/313/313 318/318/318 317/317/317
f 312/312/312 318/318/318 313/313/313
f 312/312/312 319/319/319 318/318/318
f 312/312/312 320/320/320 319/319/319
f 312/312/312 321/321/321 320/320/320
f 306/306/306 321/321/321 312/312/312
f 321/321/321 323/323/323 322/322/322
f 321/321/321 324/324/324 323/323/323
f 321/321/321 325/325/325 324/324/324
f 321/321/321 326/326/326 325/325/325
f 306/306/306 326/326/326 321/321/321
f 306/306/306 327/327/327 326/326/326
f 362/362/362 327/327/327 306/306/306
f 362/362/362 328/328/328 327/327/327
f 329/329/329 331/331/331 330/330/330
f 329/329/329 332/332/332 331/331/331
f 329/329/329 333/333/333 332/332/332
f 328/328/328 333/333/333 329/329/329
f 328/328/328 334/334/334 333/333/333
f 336/336/336 338/338/338 337/337/337
f 336/336/336 339/339/339 338/338/338
f 336/336/336 340/340/340 339/339/339
f 336/336/336 341/341/341 340/340/340
f 336/336/336 342/342/342 341/341/341
f 342/342/342 344/344/344 343/343/343
f 342/342/342 345/345/345 344/344/344
f 342/342/342 346/346/346 345/345/345
f 342/342/342 347/347/347 346/346/346
f 342/342/342 348/348/348 347/347/347
f 342/342/342 349/349/349 348/348/348
f 336/336/336 349/349/349 342/342/342
f 336/336/336 350/350/350 349/349/349
f 350/350/350 352/352/352 351/351/351
f 336/336/336 352/352/352 350/350/350
f 336/336/336 353/353/353 352/352/352
f 336/336/336 354/354/354 353/353/353
f 335/335/335 354/354/354 336/336/336
f 335/335/335 355/355/355 354/354/354
f 334/334/334 355/355/355 335/335/335
f 334/334/334 356/356/356 355/355/355
f 334/334/334 357/357/357 356/356/356
f 328/328/328 357/357/357 334/334/334
f 362/362/362 357/357/357 328/328/328
f 357/357/357 359/359/359 358/358/358
f 357/357/357 360/360/360 359/359/359
f 362/362/362 360/360/360 357/357/357
f 360/360/360 362/362/362 361/361/361
f 363/363/363 364/364/364 365/365/365
f 363/363/363 365/365/365 366/366/366
f 367/367/367 368/368/368 369/369/369
f 367/367/367 369/369/369 370/370/370
f 371/371/371 372/372/372 373/373/373
f 371/371/371 373/373/373 374/374/374
f 375/375/375 376/376/376 377/377/377
f 375/375/375 377/377/377 378/378/378
f 379/379/379 380/380/380 381/381/381
f 379/379/379 381/381/381 382/382/382
f 383/383/383 384/384/384 385/385/385
f 383/383/383 385/385/385 386/386/386
f 387/387/387 388/388/388 389/389/389
f 387/387/387 389/389/389 390/390/390
f 391/391/391 392/392/392 393/393/393
f 391/391/391 393/393/393 394/394/394
f 395/395/395 396/396/396 397/397/397
f 395/395/395 397/397/397 398/398/398
f 399/399/399 400/400/400 401/401/401
f 399/399/399 401/401/401 402/402/402
f 403/403/403 404/404/404 405/405/405
f 403/403/403 405/405/405 406/406/406
f 407/407/407 408/408/408 409/409/409
f 407/407/407 409/409/409 410/410/410
f 411/411/411 412/412/412 413/413/413
f 411/411/411 413/413/413 414/414/414
f 415/415/415 416/416/416 417/417/417
f 415/415/415 417/417/417 418/418/418
f 419/419/419 420/420/420 421/421/421
f 419/419/419 421/421/421 422/422/422
f 423/423/423 424/424/424 425/425/425
f 423/423/423 425/425/425 426/426/426
f 427/427/427 428/428/428 429/429/429
f 427/427/427 429/429/429 430/430/430
f 431/431/431 432/432/432 433/433/433
f 431/431/431 433/433/433 434/434/434
f 435/435/435 436/436/436 437/437/437
f 435/435/435 437/437/437 438/438/438
f 439/439/439 440/440/440 441/441/441
f 439/439/439 441/441/441 442/442/442
f 443/443/443 444/444/444 445/445/445
f 443/443/443 445/445/445 446/446/446
f 447/447/447 448/448/448 449/449/449
f 447/447/447 449/449/449 450/450/450
f 451/451/451 452/452/452 453/453/453
f 451/451/451 453/453/453 454/454/454
f 455/455/455 456/456/456 457/457/457
f 455/455/455 457/457/457 458/458/458
f 459/459/459 460/460/460 461/461/461
f 459/459/459 461/461/461 462/462/462
f 463/463/463 464/464/464 465/465/465
f 463/463/463 465/465/465 466/466/466
f 467/467/467 468/468/468 469/469/469
f 467/467/467 469/469/469 470/470/470
f 471/471/471 472/472/472 473/473/473
f 471/471/471 473/473/473 474/474/474
f 475/475/475 476/476/476 477/477/477
f 475/475/475 477/477/477 478/478/478
f 479/479/479 480/480/480 481/481/481
f 479/479/479 481/481/481 482/482/482
f 483/483/483 484/484/484 485/485/485
f 483/483/483 485/485/485 486/486/486
f 487/487/487 488/488/488 489/489/489
f 487/487/487 489/489/489 490/490/490
f 491/491/491 492/492/492 493/493/493
f 491/491/491 493/493/493 494/494/494
f 495/495/495 496/496/496 497/497/497
f 495/495/495 497/497/497 498/498/498
f 499/499/499 500/500/500 501/501/501
f 499/499/499 501/501/501 502/502/502
f 503/503/503 504/504/504 505/505/505
f 503/503/503 505/505/505 506/506/506
f 507/507/507 508/508/508 509/509/509
f 507/507/507 509/509/509 510/510/510
f 511/511/511 512/512/512 513/513/513
f 511/511/511 513/513/513 514/514/514
f 515/515/515 516/516/516 517/517/517
f 515/515/515 517/517/517 518/518/518
f 519/519/519 520/520/520 521/521/521
f 519/519/519 521/521/521 522/522/522
f 523/523/523 524/524/524 525/525/525
f 523/523/523 525/525/525 526/526/526
f 527/527/527 528/528/528 529/529/529
f 527/527/527 529/529/529 530/530/530
f 531/531/531 532/532/532 533/533/533
f 531/531/531 533/533/533 534/534/534
f 535/535/535 536/536/536 537/537/537
f 535/535/535 537/537/537 538/538/538
f 539/539/539 540/540/540 541/541/541
f 539/539/539 541/541/541 542/542/542
f 543/543/543 544/544/544 545/545/545
f 543/543/543 545/545/545 546/546/546
f 547/547/547 548/548/548 549/549/549
f 547/547/547 549/549/549 550/550/550
f 551/551/551 552/552/552 553/553/553
f 551/551/551 553/553/553 554/554/554
f 555/555/555 556/556/556 557/557/557
f 555/555/555 557/557/557 558/558/558
f 559/559/559 560/560/560 561/561/561
f 559/559/559 561/561/561 562/562/562
f 563/563/563 564/564/564 565/565/565
f 563/563/563 565/565/565 566/566/566
f 567/567/567 568/568/568 569/569/569
f 567/567/567 569/569/569 570/570/570
f 571/571/571 572/572/572 573/573/573
f 571/571/571 573/573/573 574/574/574
f 575/575/575 576/576/576 577/577/577
f 575/575/575 577/577/577 578/578/578
f 579/579/579 580/580/580 581/581/581
f 579/579/579 581/581/581 582/582/582
f 583/583/583 584/584/584 585/585/585
f 583/583/583 585/585/585 586/586/586
f 587/587/587 588/588/588 589/589/589
f 587/587/587 589/589/589 590/590/590
f 591/591/591 592/592/592 593/593/593
f 591/591/591 593/593/593 594/594/594
f 595/595/595 596/596/596 597/597/597
f 595/595/595 597/597/597 598/598/598
f 599/599/599 600/600/600 601/601/601
f 599/599/599 601/601/601 602/602/602
f 603/603/603 604/604/604 605/605/605
f 603/603/603 605/605/605 606/606/606
f 607/607/607 608/608/608 609/609/609
f 607/607/607 609/609/609 610/610/610
f 611/611/611 612/612/612 613/613/613
f 611/611/611 613/613/613 614/614/614
f 615/615/615 616/616/616 617/617/617
f 615/615/615 617/617/617 618/618/618
f 619/619/619 620/620/620 621/621/621
f 619/619/619 621/621/621 622/622/622
f 623/623/623 624/624/624 625/625/625
f 623/623/623 625/625/625 626/626/626
f 627/627/627 628/628/628 629/629/629
f 627/627/627 629/629/629 630/630/630
f 631/631/631 632/632/632 633/633/633
f 631/631/631 633/633/633 634/634/634
f 635/635/635 636/636/636 637/637/637
f 635/635/635 637/637/637 638/638/638
f 639/639/639 640/640/640 641/641/641
f 639/639/639 641/641/641 642/642/642
f 643/643/643 644/644/644 645/645/645
f 643/643/643 645/645/645 646/646/646
f 647/647/647 648/648/648 649/649/649
f 647/647/647 649/649/649 650/650/650
f 651/651/651 652/652/652 653/653/653
f 651/651/651 653/653/653 654/654/654
f 655/655/655 656/656/656 657/657/657
f 655/655/655 657/657/657 658/658/658
f 659/659/659 660/660/660 661/661/661
f 659/659/659 661/661/661 662/662/662
f 663/663/663 664/664/664 665/665/665
f 663/663/663 665/665/665 666/666/666
f 667/667/667 668/668/668 669/669/669
f 667/667/667 669/669/669 670/670/670
f 671/671/671 672/672/672 673/673/673
f 671/671/671 673/673/673 674/674/674
f 675/675/675 676/676/676 677/677/677
f 675/675/675 677/677/677 678/678/678
f 679/679/679 680/680/680 681/681/681
f 679/679/679 681/681/681 682/682/682
f 683/683/683 684/684/684 685/685/685
f 683/683/683 685/685/685 686/686/686
f 687/687/687 688/688/688 689/689/689
f 687/687/687 689/689/689 690/690/690
f 691/691/691 692/692/692 693/693/693
f 691/691/691 693/693/693 694/694/694
f 695/695/695 696/696/696 697/697/697
f 695/695/695 697/697/697 698/698/698
f 699/699/699 700/700/700 701/701/701
f 699/699/699 701/701/701 702/702/702
f 703/703/703 704/704/704 705/705/705
f 703/703/703 705/705/705 706/706/706
f 707/707/707 708/708/708 709/709/709
f 707/707/707 709/709/709 710/710/710
f 711/711/711 712/712/712 713/713/713
f 711/711/711 713/713/713 714/714/714
f 715/715/715 716/716/716 717/717/717
f 715/715/715 717/717/717 718/718/718
f 719/719/719 720/720/720 721/721/721
f 719/719/719 721/721/721 722/722/722
f 723/723/723 724/724/724 725/725/725
f 723/723/723 725/725/725 726/726/726
f 727/727/727 728/728/728 729/729/729
f 727/727/727 729/729/729 730/730/730
f 731/731/731 732/732/732 733/733/733
f 731/731/731 733/733/733 734/734/734
f 735/735/735 736/736/736 737/737/737
f 735/735/735 737/737/737 738/738/738
f 739/739/739 740/740/740 741/741/741
f 739/739/739 741/741/741 742/742/742
f 743/743/743 744/744/744 745/745/745
f 743/743/743 745/745/745 746/746/746
f 747/747/747 748/748/748 749/749/749
f 747/747/747 749/749/749 750/750/750
f 751/751/751 752/752/752 753/753/753
f 751/751/751 753/753/753 754/754/754
f 755/755/755 756/756/756 757/757/757
f 755/755/755 757/757/757 758/758/758
f 759/759/759 760/760/760 761/761/761
f 759/759/759 761/761/761 762/762/762
f 763/763/763 764/764/764 765/765/765
f 763/763/763 765/765/765 766/766/766
f 767/767/767 768/768/768 769/769/769
f 767/767/767 769/769/769 770/770/770
f 771/771/771 772/772/772 773/773/773
f 771/771/771 773/773/773 774/774/774
f 775/775/775 776/776/776 777/777/777
f 775/775/775 777/777/777 778/778/778
f 779/779/779 780/780/780 781/781/781
f 779/779/779 781/781/781 782/782/782
f 783/783/783 784/784/784 785/785/785
f 783/783/783 785/785/785 786/786/786
f 787/787/787 788/788/788 789/789/789
f 787/787/787 789/789/789 790/790/790
f 791/791/791 792/792/792 793/793/793
f 791/791/791 793/793/793 794/794/794
f 795/795/795 796/796/796 797/797/797
f 795/795/795 797/797/797 798/798/798
f 799/799/799 800/800/800 801/801/801
f 799/799/799 801/801/801 802/802/802
f 803/803/803 804/804/804 805/805/805
f 803/803/803 805/805/805 806/806/806
f 807/807/807 808/808/808 809/809/809
f 807/807/807 809/809/809 810/810/810
f 811/811/811 812/812/812 813/813/813
f 811/811/811 813/813/813 814/814/814
f 815/815/815 816/816/816 817/817/817
f 815/815/815 817/817/817 818/818/818
f 819/819/819 820/820/820 821/821/821
f 819/819/819 821/821/821 822/822/822
f 823/823/823 824/824/824 825/825/825
f 823/823/823 825/825/825 826/826/826
f 827/827/827 828/828/828 829/829/829
f 827/827/827 829/829/829 830/830/830
f 831/831/831 832/832/832 833/833/833
f 831/831/831 833/833/833 834/834/834
f 835/835/835 836/836/836 837/837/837
f 835/835/835 837/837/837 838/838/838
f 839/839/839 840/840/840 841/841/841
f 839/839/839 841/841/841 842/842/842
f 843/843/843 844/844/844 845/845/845
f 843/843/843 845/845/845 846/846/846
f 847/847/847 848/848/848 849/849/849
f 847/847/847 849/849/849 850/850/850
f 851/851/851 852/852/852 853/853/853
f 851/851/851 853/853/853 854/854/854
f 855/855/855 856/856/856 857/857/857
f 855/855/855 857/857/857 858/858/858
f 859/859/859 860/860/860 861/861/861
f 859/859/859 861/861/861 862/862/862
f 863/863/863 864/864/864 865/865/865
f 863/863/863 865/865/865 866/866/866
f 867/867/867 868/868/868 869/869/869
f 867/867/867 869/869/869 870/870/870
f 871/871/871 872/872/872 873/873/873
f 871/871/871 873/873/873 874/874/874
f 875/875/875 876/876/876 877/877/877
f 875/875/875 877/877/877 878/878/878
f 879/879/879 880/880/880 881/881/881
f 879/879/879 881/881/881 882/882/882
f 883/883/883 884/884/884 885/885/885
f 883/883/883 885/885/885 886/886/886
f 887/887/887 888/888/888 889/889/889
f 887/887/887 889/889/889 890/890/890
f 891/891/891 892/892/892 893/893/893
f 891/891/891 893/893/893 894/894/894
f 895/895/895 896/896/896 897/897/897
f 895/895/895 897/897/897 898/898/898
f 899/899/899 900/900/900 901/901/901
f 899/899/899 901/901/901 902/902/902
f 903/903/903 904/904/904 905/905/905
f 903/903/903 905/905/905 906/906/906
f 907/907/907 908/908/908 909/909/909
f 907/907/907 909/909/909 910/910/910
f 911/911/911 912/912/912 913/913/913
f 911/911/911 913/913/913 914/914/914
f 915/915/915 916/916/916 917/917/917
f 915/915/915 917/917/917 918/918/918
f 919/919/919 920/920/920 921/921/921
f 919/919/919 921/921/921 922/922/922
f 923/923/923 924/924/924 925/925/925
f 923/923/923 925/925/925 926/926/926
f 927/927/927 928/928/928 929/929/929
f 927/927/927 929/929/929 930/930/930
f 931/931/931 932/932/932 933/933/933
f 931/931/931 933/933/933 934/934/934
f 935/935/935 936/936/936 937/937/937
f 935/935/935 937/937/937 938/938/938
f 939/939/939 940/940/940 941/941/941
f 939/939/939 941/941/941 942/942/942
f 943/943/943 944/944/944 945/945/945
f 943/943/943 945/945/945 946/946/946
f 947/947/947 948/948/948 949/949/949
f 947/947/947 949/949/949 950/950/950
f 951/951/951 952/952/952 953/953/953
f 951/951/951 953/953/953 954/954/954
f 955/955/955 956/956/956 957/957/957
f 955/955/955 957/957/957 958/958/958
f 959/959/959 960/960/960 961/961/961
f 959/959/959 961/961/961 962/962/962
f 963/963/963 964/964/964 965/965/965
f 963/963/963 965/965/965 966/966/966
f 967/967/967 968/968/968 969/969/969
f 967/967/967 969/969/969 970/970/970
f 971/971/971 972/972/972 973/973/973
f 971/971/971 973/973/973 974/974/974
f 975/975/975 976/976/976 977/977/977
f 975/975/975 977/977/977 978/978/978
f 979/979/979 980/980/980 981/981/981
f 979/979/979 981/981/981 982/982/982
f 983/983/983 984/984/984 985/985/985
f 983/983/983 985/985/985 986/986/986
f 987/987/987 988/988/988 989/989/989
f 987/987/987 989/989/989 990/990/990
f 991/991/991 992/992/992 993/993/993
f 991/991/991 993/993/993 994/994/994
f 995/995/995 996/996/996 997/997/997
f 995/995/995 997/997/997 998/998/998
f 999/999/999 1000/1000/1000 1001/1001/1001
f 999/999/999 1001/1001/1001 1002/1002/1002
f 1003/1003/1003 1004/1004/1004 1005/1005/1005
f 1003/1003/1003 1005/1005/1005 1006/1006/1006
f 1007/1007/1007 1008/1008/1008 1009/1009/1009
f 1007/1007/1007 1009/1009/1009 1010/1010/1010
f 1011/1011/1011 1012/1012/1012 1013/1013/1013
f 1011/1011/1011 1013/1013/1013 1014/1014/1014
f 1015/1015/1015 1016/1016/1016 1017/1017/1017
f 1015/1015/1015 1017/1017/1017 1018/1018/1018
f 1019/1019/1019 1020/1020/1020 1021/1021/1021
f 1019/1019/1019 1021/1021/1021 1022/1022/1022
f 1023/1023/1023 1024/1024/1024 1025/1025/1025
f 1023/1023/1023 1025/1025/1025 1026/1026/1026
f 1027/1027/1027 1028/1028/1028 1029/1029/1029
f 1027/1027/1027 1029/1029/1029 1030/1030/1030
f 1031/1031/1031 1032/1032/1032 1033/1033/1033
f 1031/1031/1031 1033/1033/1033 1034/1034/1034
f 1035/1035/1035 1036/1036/1036 1037/1037/1037
f 1035/1035/1035 1037/1037/1037 1038/1038/1038
f 1039/1039/1039 1040/1040/1040 1041/1041/1041
f 1039/1039/1039 1041/1041/1041 1042/1042/1042
f 1043/1043/1043 1044/1044/1044 1045/1045/1045
f 1043/1043/1043 1045/1045/1045 1046/1046/1046
f 1047/1047/1047 1048/1048/1048 1049/1049/1049
f 1047/1047/1047 1049/1049/1049 1050/1050/1050
f 1051/1051/1051 1052/1052/1052 1053/1053/1053
f 1051/1051/1051 1053/1053/1053 1054/1054/1054
f 1055/1055/1055 1056/1056/1056 1057/1057/1057
f 1055/1055/1055 1057/1057/1057 1058/1058/1058
f 1059/1059/1059 1060/1060/1060 1061/1061/1061
f 1059/1059/1059 1061/1061/1061 1062/1062/1062
f 1063/1063/1063 1064/1064/1064 1065/1065/1065
f 1063/1063/1063 1065/1065/1065 1066/1066/1066
f 1067/1067/1067 1068/1068/1068 1069/1069/1069
f 1067/1067/1067 1069/1069/1069 1070/1070/1070
f 1071/1071/1071 1072/1072/1072 1073/1073/1073
f 1071/1071/1071 1073/1073/1073 1074/1074/1074
f 1075/1075/1075 1076/1076/1076 1077/1077/1077
f 1075/1075/1075 1077/1077/1077 1078/1078/1078
f 1079/1079/1079 1080/1080/1080 1081/1081/1081
f 1079/1079/1079 1081/1081/1081 1082/1082/1082
f 1083/1083/1083 1084/1084/1084 1085/1085/1085
f 1083/1083/1083 1085/1085/1085 1086/1086/1086
